"","LINES","DESCRIPTIO","TYPE","LEGEND","SHAPE_LEN","geometry"
"1","Brown, Orange, Pink, Purple (Express)","Tower 12 to Library",2,"ML",647.793224715,c(-87.6282091453172, -87.6275671836268, -87.6264960534008, -87.6263491331091, -87.626250487351, -87.6261205203951, -87.6260512167645, -87.626030035655, 41.876908340801, 41.8769321107478, 41.8769593002009, 41.8769604774112, 41.8769455771753, 41.8768804583419, 41.8768061846835, 41.8767036215576)
"2","Brown, Purple","Subway Portal B to Sedgwick",2,"BR",4303.79492895,c(-87.6393021650976, -87.6397461518027, -87.6403778652657, -87.640999771524, -87.6425496635624, -87.6434788208015, -87.6452296669544, -87.6458038325597, -87.646455996092, -87.6466435622557, -87.6468177037063, -87.6469689813978, -87.6470949022946, -87.6471796332507, -87.6472767908825, -87.6473356854506, -87.6473567737576, -87.6473772561704, -87.6473906880599, -87.6474044947837, -87.647448484079, -87.6475578847573, -87.6476802235917, -87.6478123857133, -87.6479164390184, -87.6486268758526, -87.648832153804, 
-87.648999471072, -87.6492043940436, -87.6493901007244, -87.6494814262246, -87.6495662096859, -87.6497138568827, -87.649848725837, -87.6501682701164, -87.6509262284333, -87.6518273672841, -87.6520781235125, -87.6522284076569, -87.6523440402843, -87.6524218622781, -87.6525004263808, 41.9104091792061, 41.9104049878049, 41.9104009697724, 41.910397011579, 41.9103871346115, 41.9103631958181, 41.9103406858299, 41.9103417392033, 41.9103326314375, 41.9103300105782, 41.9103383994904, 41.910362886335, 41.9103966551649, 
41.9104443256123, 41.9105109367846, 41.9106126934918, 41.9107071485782, 41.9108581996608, 41.911012574074, 41.911124738471, 41.9112202684817, 41.9113851665808, 41.9114590017288, 41.9114998809756, 41.9115122938311, 41.9115047406351, 41.9114988896759, 41.9114998869607, 41.911527048538, 41.9115800366713, 41.9116018051167, 41.9116447581512, 41.9117140258767, 41.911797367031, 41.9120303776301, 41.9126008618382, 41.913216998796, 41.9133882801972, 41.9135070832858, 41.913618606739, 41.9137652251312, 41.9140594713924
)
"3","Yellow Line","Oakton-Skokie to Howard",2,"YL",21195.44443,c(-87.7472001621058, -87.7470958216647, -87.7469622081751, -87.7468070297806, -87.7466307962289, -87.7464340960415, -87.7462175843611, -87.7459819732644, -87.7457280535849, -87.7454566635594, -87.745168711735, -87.7448651492555, -87.7445469782895, -87.7442152702491, -87.7438711162386, -87.7435156620459, -87.7431500865531, -87.7427756101335, -87.742393470465, -87.7420049359577, -87.7412403990632, -87.7405893903728, -87.7378809855955, -87.7308076850874, -87.7282053768802, -87.7233237112465, -87.7227284167152, 
-87.722430729752, -87.722193534772, -87.7219512232347, -87.7213201530921, -87.7208909869314, -87.7204551525096, -87.7201084657616, -87.7198034679104, -87.719141141164, -87.7185209646438, -87.7182029833962, -87.7180530947845, -87.7179008670307, -87.7169064317449, -87.7160230031914, -87.7153324100675, -87.7149619166617, -87.7144022591327, -87.7138207373295, -87.7127401166257, -87.7118034510705, -87.7113255542074, -87.7107416636303, -87.7103928060837, -87.7102181046607, -87.7098189588053, -87.7087856208983, 
-87.7083196696783, -87.7078701628505, -87.7073163194854, -87.7066033900529, -87.7041547270456, -87.7029999428245, -87.7018145735574, -87.7010091960095, -87.7003114038653, -87.6997840543197, -87.6994739006854, -87.698559043126, -87.697503362562, -87.6971937201515, -87.6966360138526, -87.6957992576171, -87.6949700105589, -87.694295871489, -87.6933273584767, -87.6925605514509, -87.6918564700441, -87.6916089809206, -87.6913460586119, -87.6909553077854, -87.6904874453857, -87.6900527869985, -87.6895962436571, 
-87.6892287461616, -87.6887792471385, -87.6880083488056, -87.6874560631172, -87.6860562991816, -87.6857430833767, -87.6848383640317, -87.6821679789492, -87.6796344172008, -87.6791567822674, -87.6786230537481, -87.6781149402378, -87.6778315785885, -87.6776180247025, -87.6774790764723, -87.6773315592877, -87.6771646157061, -87.6769239453261, -87.6765997827552, -87.6762845006488, -87.6758884151116, -87.6755557529333, -87.6751332511215, -87.6747377285638, -87.6744861522777, -87.6738824772573, -87.6733979663049, 
-87.6728924504814, 42.0261918605745, 42.0259079295003, 42.025625903308, 42.0253500797982, 42.0250813834182, 42.0248207038966, 42.0245689042863, 42.0243268236176, 42.0240952671076, 42.0238750015007, 42.0236667587886, 42.0234712297684, 42.0232890667885, 42.02312087214, 42.0229672032065, 42.0228285753458, 42.0227054464764, 42.0225982234236, 42.0225072662989, 42.0224328732646, 42.0223533384212, 42.0223090633514, 42.0223105791303, 42.0223358037413, 42.0223375616457, 42.0223407598592, 42.0223526389693, 
42.0223623386924, 42.0223761194764, 42.0223973937908, 42.0224579687135, 42.0224988139464, 42.0225332720114, 42.02254769904, 42.0225734497093, 42.0226145229002, 42.0226233318014, 42.02264332045, 42.0226455088435, 42.0226477304157, 42.0226535356461, 42.0226452748137, 42.0226552462077, 42.0226605947322, 42.022659380729, 42.0226521930112, 42.022601168428, 42.0225770306412, 42.0225649858317, 42.0225555512897, 42.0225499383883, 42.0225439573327, 42.0225302936139, 42.0224949129207, 42.02250464261, 42.0225092768756, 
42.0225016605303, 42.0225208767228, 42.0225768005577, 42.0226224537311, 42.0226274918539, 42.0225941756547, 42.0225325613342, 42.0224679600813, 42.0224281444087, 42.0223204963155, 42.0222282099669, 42.0222033848895, 42.0221945161818, 42.022201425424, 42.0222314779313, 42.0222450569496, 42.0222569891979, 42.0222411572298, 42.0221505750549, 42.022108756501, 42.0220610719438, 42.0220005252496, 42.0219480119858, 42.0219206298629, 42.0218515457, 42.021799590145, 42.0217574384091, 42.0216965217769, 42.0216953366754, 
42.0217084192076, 42.0217081488255, 42.0217073633335, 42.0217050017278, 42.0217094407592, 42.0216824055367, 42.0216357977558, 42.0215824840868, 42.0215288439439, 42.0214836210596, 42.0214585789015, 42.0214321299206, 42.0214021971011, 42.021341953633, 42.0212556611113, 42.0211460030014, 42.0209819484938, 42.0208047765102, 42.0205731610864, 42.0203551811913, 42.020205435892, 42.0198634202626, 42.0194694386449, 42.0190632194049)
"4","Brown, Green, Orange, Pink, Purple (Exp)","Washington/Wabash to Adams/Wabash",2,"ML",1352.12055387,c(-87.6260979000443, -87.6261561711236, -87.6261887847862, 41.8795102192864, 41.8820308986132, 41.8832200135864)
"5","Brown, Green, Orange, Pink, Purple (Exp)","State/Lake to Washington/Wabash",2,"ML",1317.60492405,c(-87.6261887847862, -87.6262567264354, -87.6262547565556, -87.6262529464494, -87.6262676902976, -87.6263022726512, -87.6263468401994, -87.6264206701916, -87.6265032344101, -87.6265543687028, -87.6266122003318, -87.6268298646583, -87.627835185321, 41.8832200135864, 41.8853427107423, 41.8855213601763, 41.885570022282, 41.885617768029, 41.8856582522339, 41.885689401059, 41.8857225117754, 41.8857329831492, 41.885736245584, 41.8857384571006, 41.8857388060523, 41.8857404101796)
"6","Brown, Green, Orange, Pink, Purple (Exp)","Clark/Lake to State/Lake",2,"ML",830.774584871,c(-87.6278351817067, -87.6288717865763, -87.6294782050821, -87.6298162903941, -87.6299216529615, -87.6301139445365, -87.630198521585, -87.630886017391, 41.8857404101574, 41.8857405857905, 41.8857391848949, 41.8857384033989, 41.8857381592885, 41.8857377127574, 41.885737517575, 41.8857369846854)
"7","Brown Line","Kedzie-Ravenswood to Francisco",2,"BR",1955.02155064,c(-87.7088437932325, -87.7076280950864, -87.7064502213111, -87.7039923106448, -87.7026676414679, -87.7016557332799, 41.9660926072891, 41.9661081378535, 41.9661160049188, 41.9661335250636, 41.9661381662439, 41.9661468957042)
"8","Brown Line","Rockwell to Western-Ravenswood",2,"BR",1525.429301,c(-87.6941111250007, -87.6914457046894, -87.6902550120658, -87.6894633287486, -87.6885026062574, 41.9662099494137, 41.9662308089595, 41.9662432027077, 41.9662530580673, 41.9662500481945)
"9","Brown Line","Damen-Ravenswood to Montrose-Ravenswood",2,"BR",2371.58120466,c(-87.6786348852376, -87.6776644398273, -87.6774091778624, -87.6772209651853, -87.676954679684, -87.676648863981, -87.6763816671194, -87.6761275090145, -87.6758897005808, -87.6756967716285, -87.6755737666843, -87.6754446983951, -87.6753910222418, -87.6753039677238, -87.6752417282622, -87.6752286398345, -87.6752173201654, -87.6752157463165, -87.6752055298721, -87.6751899057117, -87.675165389689, 41.9664109730964, 41.9664221097732, 41.9664135048363, 41.9664029011743, 41.9663799395201, 41.9663210198259, 
41.9662313526345, 41.9661155554173, 41.9659617385822, 41.9657891211016, 41.9656454884508, 41.9654708541362, 41.965362324398, 41.9651889570641, 41.9650337627801, 41.9649098170079, 41.9647692063931, 41.9646119775642, 41.9643641783876, 41.9637113868358, 41.9617517119769)
"10","Brown Line","Addison-Ravenswood to Paulina",2,"BR",2024.29673214,c(-87.6747361079691, -87.6746832629774, -87.6746599126322, -87.6746299683686, -87.6745714308524, -87.6744999600742, -87.6744187456637, -87.674298994538, -87.6741946629614, -87.6740489265187, -87.6738585971161, -87.6736710650404, -87.6734770793948, -87.6733402538368, -87.6731077118977, -87.6728941906244, -87.6726295215721, -87.6723391568556, -87.671500186933, -87.6708839429029, 41.9470286559819, 41.9459625878304, 41.9451310899053, 41.9449403477067, 41.9447375309566, 41.9445513140912, 41.9443817162937, 
41.9442361962805, 41.9441426939749, 41.9440418078949, 41.9439335186705, 41.9438633598301, 41.9438003095235, 41.9437637907263, 41.9437267222973, 41.9437016723947, 41.9436858568799, 41.9436865678626, 41.9437019742048, 41.9437091486115)
"11","Brown Line","Paulina to Southport",2,"BR",1979.48627091,c(-87.6708839429029, -87.6693841107115, -87.6674867811551, -87.6658465875047, -87.6650807302515, -87.6636095600388, 41.9437091486115, 41.9437266883474, 41.9437681080802, 41.9437824052251, 41.9437898607148, 41.9438122563749)
"12","Green Line","Harlem-Lake to Oak Park-Lake",2,"GR",2558.1777931,c(-87.7937833511171, -87.7944944511823, -87.7955703694373, -87.7964386115924, -87.7971293738521, -87.7979499700791, -87.798631614153, -87.799920971361, -87.8007150708208, -87.8013530690583, -87.8021050317076, -87.8031759872676, 41.8869875210686, 41.8869740072288, 41.8869574558138, 41.886945300425, 41.8869356276854, 41.8869241297305, 41.8869197066606, 41.8869113279195, 41.8868943931129, 41.8868807840408, 41.8868647392358, 41.886848303378)
"13","Green Line","Austin-Lake to Central-Lake",2,"GR",2311.09138131,c(-87.765649506369, -87.7664992163773, -87.7674130248052, -87.7680326930462, -87.7690161391805, -87.7700151232, -87.771896993909, -87.7731594514149, -87.7741352557157, 41.8873890136468, 41.8873884336788, 41.8873813666349, 41.8873612735765, 41.8873603239474, 41.8873536565175, 41.8873339406549, 41.8873053876746, 41.8872927848299)
"14","Green Line","Laramie to Cicero-Lake",2,"GR",2811.63194243,c(-87.7446983998764, -87.7454671025703, -87.7464576971255, -87.7487021068082, -87.7503505102662, -87.7516199221477, -87.753268492228, -87.7549864948668, 41.8865193523174, 41.8865941198041, 41.8866570514059, 41.8867900113026, 41.8868967599523, 41.8869552738233, 41.8870446201482, 41.887163225886)
"15","Green Line","Pulaski-Lake to Conservatory-Central Park",2,"GR",2425.42964824,c(-87.7165228336611, -87.7167990749714, -87.7199567211219, -87.7208682091501, -87.7215565659046, -87.7224212913636, -87.7229653248269, -87.7246167331936, -87.7254037665998, 41.8849043793035, 41.884920579669, 41.8851056940536, 41.8851569642663, 41.8851956809762, 41.885244307434, 41.8852748974613, 41.8853677375998, 41.8854119781618)
"16","Green Line","Conservatory-Central Park to Kedzie-Lake",2,"GR",2831.17885714,c(-87.7061554186072, -87.7066849317329, -87.7074488173288, -87.7085744176718, -87.7093476382759, -87.7110631870435, -87.7120738268328, -87.7126793527498, -87.7141423664338, -87.7145517545328, -87.7152979377739, -87.7160104849864, -87.7165228336611, 41.8843210969728, 41.8843525077273, 41.8843978110167, 41.8844645619187, 41.8845063101019, 41.8845989139188, 41.8846534579604, 41.8846861328036, 41.8847650673608, 41.8847887768306, 41.8848325433025, 41.8848743342407, 41.8849043793035)
"17","Green Line","Cottage Grove to King Drive",2,"GR",2643.49566968,c(-87.615545883473, -87.6122884637419, -87.6097057236063, -87.6058574177356, 41.7801297171098, 41.7801724748672, 41.7802446532044, 41.7803087673173)
"18","Green Line","Garfield-South Elevated to 51st",2,"GR",2520.3657666,c(-87.6185016003851, -87.6184930510098, -87.6184496376562, -87.6183642635385, -87.6183389675428, -87.6183241078089, 41.8020915843904, 41.8015563501091, 41.7993251118914, 41.7970355343859, 41.7956759455182, 41.7951766539797)
"19","Green Line","47th-South Elevated to 43rd",2,"GR",2644.18099576,c(-87.6190357816436, -87.6189787494576, -87.6189203784294, -87.6188582369436, -87.6188261286218, 41.8164632233733, 41.8147531452377, 41.8127004523577, 41.8105954933171, 41.8092088349894)
"20","Green Line","Indiana to 35-Bronzeville-IIT",2,"GR",4677.7969491,c(-87.6258814735037, -87.6258665023094, -87.6257828572805, -87.6257097975091, -87.6256681211035, -87.6256356708343, -87.6255898357626, -87.6255459610498, -87.625473558003, -87.6253119894281, -87.6251628186619, -87.6250483881687, -87.6248064736425, -87.6244273646588, -87.6235385837543, -87.6214628119334, 41.8316780223082, 41.8309755219282, 41.8278488161051, 41.8247865135929, 41.8224613926797, 41.8221476182218, 41.8220511749129, 41.8219865854166, 41.8219099102785, 41.8218326846148, 41.8217865035745, 
41.8217667403294, 41.8217557199697, 41.8217676739053, 41.8217907712943, 41.821815196352)
"21","Orange Line","Midway Airport to Pulaski-Midway",2,"OR",6923.36214507,c(-87.7379563722328, -87.7381645485886, -87.7381578615028, -87.7381140348657, -87.7380575198764, -87.7379733035483, -87.737714727686, -87.7375665374765, -87.7373095675108, -87.7369662074947, -87.7366040323935, -87.7361907919462, -87.7358035648261, -87.7352372556555, -87.7347801008097, -87.7340133252305, -87.7281914413958, -87.7244496420546, 41.7866135508416, 41.7923247586619, 41.7927034939384, 41.7929676906462, 41.7932270568931, 41.79338384604, 41.7938065364175, 41.7939963436232, 41.7942451412373, 
41.7945411339467, 41.7948060592415, 41.7950850110954, 41.7953045418292, 41.7956112802297, 41.7958185316893, 41.7961146908754, 41.7984211035103, 41.7998878201802)
"22","Red Line","Monroe/State to Jackson/State",1,"RD",944.877870564,c(-87.6276964602197, -87.6275960972336, 41.8807445579647, 41.8781527560987)
"23","Red Line","Lake/State to Monroe/State",1,"RD",1481.46287363,c(-87.6278133815707, -87.6277483662697, -87.6276964602197, 41.884808867787, 41.8832147058769, 41.8807445579647)
"24","Blue Line (Forest Park)","Pulaski-Congress to Kedzie-Homan",2,"BL",5361.25479468,c(-87.7256249304324, -87.7251424836943, -87.7242184415389, -87.7196965913546, -87.715616175553, -87.7142160551545, -87.712522653691, -87.7107569890186, -87.7094481824896, -87.7082560060778, -87.7078551622239, -87.7075206206551, -87.7071922673098, -87.706759732259, -87.7061905429738, -87.7059782958795, 41.8738887244032, 41.8738932399641, 41.8739166215718, 41.8739679575217, 41.8740167782303, 41.8740375176399, 41.8740637235512, 41.8740647677409, 41.874096549137, 41.8741324843214, 41.8741750759323, 41.8742086008718, 
41.8742539413619, 41.8743128524383, 41.8743961316782, 41.8744255093569)
"25","Blue Line (Forest Park)","Illinois Medical District to Loomis Junction",2,"BL",1747.72448095,c(-87.6739458799068, -87.673359245162, -87.6727536086384, -87.6688644272548, -87.6675310677176, 41.8756354289717, 41.8756511167415, 41.875654780692, 41.8757345760263, 41.8757618291324)
"26","Blue Line (O'Hare)","Rosemont to Cumberland",2,"BL",5815.96060211,c(-87.859387701278, -87.8566858516178, -87.8535963186938, -87.85238161836, -87.8506673440397, -87.8481432630435, -87.8456759515891, -87.8447736857596, -87.8433912546612, -87.8418569232218, -87.8402182865599, -87.8380259848223, 41.9835072879145, 41.9836218711956, 41.9837457050175, 41.9837718683517, 41.9837883252265, 41.9838812625017, 41.9839759700118, 41.9839779966544, 41.9840306920605, 41.984094438371, 41.9841892699712, 41.9842940584919)
"27","Red Line","95/Dan Ryan to 87th",2,"RD",4736.47798895,c(-87.6247530736794, -87.6247217658677, -87.6246342649733, -87.6245840841182, -87.6245437048811, -87.6244147458376, 41.7353712116369, 41.7344830844268, 41.7321174568524, 41.7290447328182, 41.7280013394345, 41.7223759846522)
"28","Red Line","87th to 79th",2,"RD",5482.44006725,c(-87.6251783542891, -87.6249980508357, -87.6249669992896, -87.624822828862, -87.6247838845272, -87.6247530736794, 41.7504123432617, 41.7445994577687, 41.7430297897023, 41.7394834067003, 41.736134884827, 41.7353712116369)
"29","Red Line","69th to 63rd-Dan Ryan",2,"RD",4848.19408098,c(-87.6310004498626, -87.630971306607, -87.6309320498306, -87.6308186988183, -87.6307668479657, -87.6306464842515, -87.630483867647, -87.6302806122479, -87.6300395102758, -87.6297901225518, -87.629539384398, -87.6292562295549, -87.6288205683493, -87.6285263334517, -87.627503694452, -87.6272506896479, -87.6271193150682, -87.6270397083767, -87.6268310924691, -87.6266992212333, -87.6265183445027, -87.62644408992, -87.6264150737632, -87.6263497258853, -87.6261940231974, -87.6261753453976, -87.6260276177031, 
-87.6260069848933, -87.6259627961917, -87.6259536348487, -87.6259200030912, -87.6258978156796, -87.6258488313704, -87.6258093508165, 41.7805343344608, 41.7798222250922, 41.7794214329203, 41.7789233192357, 41.7787420927075, 41.7784682137291, 41.778148554113, 41.7778323289195, 41.7774891635019, 41.7772288354238, 41.7769795512973, 41.7767696710275, 41.7764418878314, 41.7762328588677, 41.7754088254391, 41.7751434968915, 41.7750063817048, 41.7749056880368, 41.7746317890321, 41.7744504627894, 41.7741605246923, 
41.774020813256, 41.7739742159245, 41.7738301384765, 41.7734887787173, 41.7734326291446, 41.7729572595911, 41.7728642949617, 41.7725862501791, 41.7725243023342, 41.7721811159658, 41.7718715230333, 41.7701489533493, 41.7683678662025)
"30","Blue Line (O'Hare)","Damen/Milwaukee to Division/Milwaukee",2,"BL",3793.53606877,c(-87.6774366551583, -87.6757204128113, -87.6736278885727, -87.6710357122784, -87.6706353471284, -87.6701428541034, -87.6690000064338, -87.6682759398161, -87.6664960678468, 41.9097437925864, 41.9086001149203, 41.9072585791412, 41.9056031172052, 41.9053768529412, 41.905137997918, 41.9046515011928, 41.9044034301284, 41.9033550854532)
"31","Blue Line (O'Hare)","California/Milwaukee to Western/Milwaukee",2,"BL",3340.72624025,c(-87.696889797883, -87.694062071747, -87.6911283645082, -87.688967567947, -87.6873643803577, 41.9219391712089, 41.9202378109204, 41.9184659678668, 41.9171480361226, 41.9161574289972)
"32","Blue Line (O'Hare)","Irving Park-O'Hare to Addison-O'Hare",2,"BL",3420.29053492,c(-87.7291772659946, -87.7279784986067, -87.7263212331709, -87.7254755922634, -87.7235679046462, -87.7230165668327, -87.7224030726048, -87.721808052036, -87.7215473396854, -87.7212165339135, -87.7209826431356, -87.7207336620168, -87.7204265918985, -87.7201195955779, -87.7199196098479, -87.7197186405432, -87.7194964260186, -87.7192782255023, -87.7190993029302, 41.9529402618036, 41.9522679536164, 41.9513199915751, 41.9508484508856, 41.9497494571666, 41.9494361717444, 41.9491018633211, 41.9488086610074, 
41.9486877161533, 41.948541356106, 41.9484447871863, 41.9483274233451, 41.9482035167837, 41.9480551711931, 41.9479558226962, 41.9478395045448, 41.9476793748597, 41.9475119077991, 41.9473601028521)
"33","Blue Line (O'Hare)","Montrose-O'Hare to Irving Park-O'Hare",2,"BL",5022.85124883,c(-87.7436169744003, -87.7434291992816, -87.7432641293779, -87.7430008328275, -87.7427443261374, -87.7425099865762, -87.7421455025128, -87.7416927332553, -87.741214287896, -87.7407403419059, -87.7372447513109, -87.73594259137, -87.7344656426705, -87.7327293589575, -87.730431177339, -87.7291772659946, 41.9614866334933, 41.9613303366941, 41.9611749872882, 41.9609756313642, 41.9607575378787, 41.9605586160794, 41.96028279546, 41.9599982285071, 41.9597007858659, 41.9594068091083, 41.9574267438796, 41.9567036970413, 
41.9559503955105, 41.9549503595242, 41.9536424354927, 41.9529402618036)
"34","Red Line","47th-Dan Ryan to Sox-35th-Dan Ryan",2,"RD",7640.99297286,c(-87.6306362954731, -87.6305589711806, -87.6305018207536, -87.6304361192596, -87.6303089598767, -87.6302791203217, -87.6302517988406, -87.6302109023701, -87.6301862983161, -87.6301935065484, -87.6302185170182, -87.6302719511618, -87.6303793118785, -87.6304147945887, -87.630557307859, -87.6310257970291, 41.8311905606135, 41.8274837463373, 41.8251899986982, 41.8226855601946, 41.8176866510997, 41.8164670954563, 41.8152399956215, 41.8135074996272, 41.8128108331795, 41.8124673556471, 41.8121383557633, 
41.8118186737914, 41.8114723643888, 41.811384763986, 41.8110860225569, 41.8103381327399)
"35","Blue Line (Forest Park)","Forest Park to Harlem-Congress",2,"BL",2881.68834133,c(-87.8173177777913, -87.8159055553537, -87.8155599887893, -87.8152341232314, -87.8150170193397, -87.8148395639395, -87.8146819920419, -87.8144752493863, -87.8142979730982, -87.8141010518388, -87.8139334209086, -87.8137042111885, -87.8134251594439, -87.8132121962114, -87.8130215330849, -87.8128603925639, -87.8126844297612, -87.8124126809854, -87.8121268782943, -87.8119723745658, -87.811811685064, -87.8114892748128, -87.8113352248276, -87.8112476132578, -87.8111002158622, -87.8107993334938, -87.8104464962085, 
-87.8090024186985, -87.8069608721682, 41.8742573108969, 41.874140166756, 41.874101679862, 41.8740706663352, 41.8740327572693, 41.8739802539453, 41.8739130690884, 41.8738161179635, 41.8737414562256, 41.8736519361412, 41.8736068613615, 41.873581495388, 41.873602425047, 41.8736107144998, 41.873629699849, 41.8736537894841, 41.8736725770926, 41.8736816393418, 41.8737183506791, 41.8737365350148, 41.8737554455413, 41.8737981284971, 41.8738111352537, 41.8738143329811, 41.8738197104324, 41.8738401364831, 
41.8738392670447, 41.8736933727687, 41.8734900509614)
"36","Blue Line (O'Hare)","Grand/Milwaukee to Clark/Lake",1,"BL",5334.58572478,c(-87.6475783108862, -87.6467772616093, -87.6457158206315, -87.6450561216191, -87.6444437805785, -87.6433533561875, -87.6426549644228, -87.6419588634742, -87.6411945998361, -87.6408544439218, -87.6405750869737, -87.6400075209186, -87.6399375932284, -87.6398490876457, -87.6396977349363, -87.6394431936706, -87.6381503898798, -87.6360572896779, -87.6339131748569, -87.632845715544, -87.6320397543256, -87.630886017391, 41.8911892941751, 41.8906669082827, 41.8899696236895, 41.8895182777715, 41.8890993236483, 
41.8883014833025, 41.8877864756141, 41.8872745971172, 41.8867125489999, 41.886462331423, 41.8862568357519, 41.8858393244739, 41.8857909753843, 41.885750564902, 41.8857310506899, 41.8857026224932, 41.8857077667057, 41.8857160654918, 41.8857245259202, 41.8857301408352, 41.8857366560939, 41.8857369846854)
"37","Blue Line (O'Hare)","UIC-Halsted to Clinton-Congress",2,"BL",2358.22360429,c(-87.6409842163243, -87.641907841878, -87.647100376912, -87.6496422307491, 41.8755389048823, 41.8755126189765, 41.8755218102446, 41.8755162089866)
"38","Red Line","Cermak-Chinatown to Roosevelt/State",1,"RD",5556.97650026,c(-87.6274023828335, -87.6273594570183, -87.6273090042538, -87.6273923060302, -87.6275556176621, -87.6276773776277, -87.6277810843748, -87.6280349395058, -87.6284905107895, -87.6293412565215, -87.6301778273745, -87.6305815980324, -87.6309444041663, -87.6310143441268, -87.6311220265736, -87.6312035360012, -87.6312949172929, -87.6313645145048, -87.6314186474476, -87.631437756767, -87.6314404657778, -87.6314186841718, -87.6313612226045, -87.631277263854, -87.6311551975343, -87.6310616729876, -87.6309678269169, 
41.8673676662999, 41.8657539897301, 41.8640365946555, 41.8636328212817, 41.8633734647554, 41.8632541918396, 41.8631556913391, 41.8629642953946, 41.8626859970554, 41.8621147317439, 41.8613813862063, 41.8609283730002, 41.860345072103, 41.8602756934918, 41.8601293807717, 41.8599607459836, 41.8597635855691, 41.8595186475472, 41.8592307360951, 41.8589402291526, 41.8586925008334, 41.8574608774434, 41.8557519082441, 41.8545401051877, 41.8538930764364, 41.8535132290888, 41.8532057961897)
"39","Red, Purple Line","Lawrence to Wilson",2,"RD",1798.76819805,c(-87.6584929616675, -87.6584655682599, -87.6584220889972, -87.6583842837897, -87.6583585871701, -87.6583509326046, -87.6583137788711, -87.6581987807901, -87.6577343674768, 41.9691389397915, 41.9683761430946, 41.9674589617199, 41.9668815035186, 41.9666900220406, 41.9664899197544, 41.9661814579513, 41.965776359961, 41.9642546930349)
"40","Red, Purple Line","Sheridan to Addison-North Main",2,"RD",2581.71372112,c(-87.6549293912331, -87.6543064865349, -87.6540786299083, -87.6539390791815, -87.6538506787086, -87.6537860582878, -87.6537333587104, -87.6536927126126, -87.6536846856322, -87.6536715843702, -87.6536259203677, -87.6536604868426, -87.6536583127607, -87.6536456391531, -87.6536355438911, -87.6536259305965, 41.953774946699, 41.9537535421966, 41.9537340373913, 41.953702640084, 41.9536445291582, 41.9535821274973, 41.9535153640423, 41.9534309570334, 41.953320284229, 41.9531115372971, 41.9524559737717, 
41.951995467109, 41.9510828862699, 41.9505999481136, 41.948198864583, 41.9474279961326)
"41","Brown, Purple (Express), Red","Clark Junction to Belmont-North Main",2,"RD",884.36612764,c(-87.653453918199, -87.6534419342898, -87.6534229173686, -87.6533970812423, -87.6533829906962, -87.6533804888533, 41.9421768136823, 41.941852347063, 41.9414568476502, 41.9408324093637, 41.9399137743965, 41.9397507455413)
"42","Brown, Purple (Express), Red","Diversey to Fullerton",2,"RD",2799.74988443,c(-87.6531308575899, -87.6530958486299, -87.6530703721707, -87.6530467977429, -87.6530237179869, -87.6529931738579, -87.6529622234792, -87.6529547830441, -87.652935437681, -87.6529215994361, -87.6528913436565, -87.6528750679621, -87.6528658368472, 41.9327315001316, 41.9321769686654, 41.9315146814534, 41.9309017355745, 41.9303017285432, 41.9295075014609, 41.9287027757699, 41.9284181282101, 41.9276780880623, 41.9271487918202, 41.9259912453285, 41.9253684870351, 41.9250513671572)
"43","Red, Purple Line","Howard to Jarvis",2,"RD",1554.32866041,c(-87.6728924504814, -87.6723242713199, -87.6717745806091, -87.6714208620245, -87.6707872437434, -87.6703651039273, -87.669882129591, -87.6690921117854, 42.0190632194049, 42.0185953595091, 42.0181427206047, 42.017850037436, 42.0173257520683, 42.0169764420773, 42.0165767958445, 42.015876179475)
"44","Red, Purple Line","Loyola to Granville",2,"RD",2830.40937664,c(-87.6610607010361, -87.6608277742231, -87.66067007405, -87.660491900443, -87.6603516857844, -87.6602115735826, -87.6600470867574, -87.6598950327582, -87.6597799685277, -87.6596469897393, -87.6595567881809, -87.6594789644303, -87.6594255096828, -87.6593547762362, -87.6593083158246, -87.659267682061, -87.6592665127781, -87.6592571899631, -87.6592112169641, -87.6591891741651, -87.6591831333339, -87.6592022780805, 42.0010733595534, 42.0008993547746, 42.0007558350239, 42.0005892314299, 42.0004366313387, 
42.0002748312799, 42.0000852950028, 41.9998866328312, 41.9996881839018, 41.9994344417482, 41.9992177440049, 41.9989965172971, 41.9988030311834, 41.99849446069, 41.9982228261516, 41.9979834231372, 41.9975096835584, 41.9972244722787, 41.9963227306189, 41.9954901210985, 41.9946346084766, 41.9936642606398)
"45","Red, Purple Line","Bryn Mawr to Berwyn",2,"RD",2012.21286374,c(-87.6588402847989, -87.6587920526115, -87.6587504666624, -87.6587163878564, -87.6586684193605, 41.9835042244149, 41.981844086435, 41.9805928166843, 41.9796686565303, 41.9779839913836)
"46","Red Line","Chicago/State to Grand/State",1,"RD",1824.76797645,c(-87.6281763528947, -87.6281291855498, -87.6280881660511, -87.6280395002777, -87.6280212581178, 41.8966712127474, 41.8956229559528, 41.8941188468986, 41.8923342017532, 41.89166520124)
"47","Red Line","North/Clybourn to Clark/Division",1,"RD",5829.10157975,c(-87.6491772661993, -87.6478543595792, -87.6455453445451, -87.6406861065365, -87.6399340387752, -87.639712106438, -87.6395055279815, -87.6392570078518, -87.6389566317707, -87.6369805473404, -87.6344701336408, -87.6314122923978, 41.9106545792987, 41.9097077219023, 41.9080670359096, 41.9045805100981, 41.9040407803648, 41.9039175740128, 41.9038336588709, 41.9037908234193, 41.9037905082963, 41.9038247930908, 41.9038683024198, 41.9039203125379)
"48","Red Line","Subway Portal B to North/Clybourn",1,"RD",1620.92900158,c(-87.6525004263808, -87.652493808775, -87.6524909850525, -87.6524858185274, -87.6524243899024, -87.6523528327155, -87.6514070198113, -87.6506980163377, -87.6491772661993, 41.9140594713924, 41.9132681613749, 41.9131618446961, 41.9130812331144, 41.9129874914438, 41.9129335547381, 41.912255588908, 41.9117455125105, 41.9106545792987)
"49","Red, Purple Line","Jarvis to Morse",2,"RD",3001.49785961,c(-87.6690921117854, -87.6676922066123, -87.6671833116511, -87.6668905048696, -87.666634737897, -87.6662981724098, -87.6661262389707, -87.6660555657668, -87.6660138235871, -87.6659712684663, -87.6659090888394, 42.015876179475, 42.0146629624858, 42.0142148981967, 42.0138817771001, 42.0135488649821, 42.0129738205499, 42.0125930624874, 42.0122681293127, 42.0118328904282, 42.0105897970183, 42.0083618179694)
"50","Red, Purple Line","Granville to Thorndale",2,"RD",1241.3233757,c(-87.6592022780805, -87.6591304876877, -87.659080781029, -87.6590758589479, 41.9936642606398, 41.992353026586, 41.9908318835728, 41.990259493588)
"51","Red, Purple Line","Argyle to Lawrence",2,"RD",1572.30911049,c(-87.6585299624958, -87.6584882142476, -87.6584929616675, 41.9734533226219, 41.9711799729852, 41.9691389397915)
"52","Brown, Purple (Express), Red","Wellington to Diversey",2,"RD",1203.55975012,c(-87.6532664496777, -87.6532349256981, -87.6532167716905, -87.6531964753937, -87.6531373084324, -87.6531308575899, 41.9360326033312, 41.9353199368903, 41.934910203358, 41.9344521074521, 41.9331167582822, 41.9327315001316)
"53","Purple Line","Noyes to Foster",2,"PR",1504.3427508,c(-87.6833368796548, -87.6833328299193, -87.6833611329131, -87.68338868866, -87.6835212269794, -87.6835109313377, -87.6835403845537, -87.6835603266715, 42.0582824704243, 42.0579388211142, 42.0573869260422, 42.0569082591198, 42.0557711017465, 42.0552978536061, 42.0546333012104, 42.0541602241766)
"54","Purple Line","Dempster to Main",2,"PR",3046.41821426,c(-87.6816019871063, -87.6815222630952, -87.6814721272418, -87.6813643061529, -87.6808491196841, -87.680334451871, -87.6799361808697, -87.679825512811, -87.6796116756045, -87.6795379228038, 42.0416546434366, 42.041321828115, 42.0410511486503, 42.0405097494362, 42.038237334117, 42.0359177410718, 42.0342255068319, 42.0339643392974, 42.0336321693476, 42.0334557110665)
"55","Purple Line","South Blvd. to Howard",2,"PR",3636.17339747,c(-87.6783294157723, -87.6781098066786, -87.6777535703264, -87.6775202592795, -87.6774323706989, -87.6773023097926, -87.6771854884965, -87.6770535239324, -87.6768915304289, -87.6757356826172, -87.6740564407116, -87.6738824772573, -87.6733979663049, -87.6728924504814, 42.0276118484805, 42.0260990231826, 42.024320967024, 42.0232110020518, 42.0227432711267, 42.0224107683087, 42.0222331608153, 42.0220858794013, 42.0219743659459, 42.0212991735295, 42.0200220754505, 42.0198634202626, 42.0194694386449, 
42.0190632194049)
"56","Orange Line","Pulaski-Midway to Kedzie-Midway",2,"OR",5879.42725805,c(-87.7244496420546, -87.7207444004593, -87.7181391451462, -87.7167648409371, -87.715748520876, -87.7150555224455, -87.7146437342331, -87.7141236313698, -87.7136260660111, -87.7132275587279, -87.7125201680023, -87.7117717567468, -87.7097910861784, -87.7067341772674, -87.7043206655606, 41.7998878201802, 41.8015094522653, 41.8026127784868, 41.8031652253421, 41.8035695017177, 41.8037897009635, 41.8039018288325, 41.8040205184271, 41.8041131224474, 41.8041681444035, 41.8042286430952, 41.804250799902, 
41.8042853274299, 41.8043306307444, 41.8043484089886)
"57","Orange Line","Western-Midway to 35th/Archer",2,"OR",11059.72247,c(-87.6840649871721, -87.6830364010774, -87.6824061094101, -87.68211615467, -87.6818036738407, -87.6813409330828, -87.681037469803, -87.6807014924423, -87.6804194664106, -87.6801594586521, -87.6799567315973, -87.6798307281514, -87.679691189306, -87.6796092229138, -87.6795588023327, -87.6795306206185, -87.6795796544677, -87.6796305309383, -87.6796680939023, -87.6797237193287, -87.6797803674133, -87.6797976076076, -87.6798797775531, -87.6800085013612, -87.6801793010188, -87.6803658775051, -87.6817081114927, 
-87.6830859648752, -87.6849354805634, -87.6856889755916, -87.6859496527012, -87.686068414112, -87.6861371098087, -87.6862012764064, -87.6862122168358, -87.6862075926968, -87.6861312263213, -87.6860302448691, -87.6859074494326, -87.6856951199732, -87.6854736437524, -87.6851660826516, -87.6848042818006, -87.6842951859865, -87.6817438958305, -87.6805873683447, 41.8046835599055, 41.8047039455512, 41.8046932296298, 41.8047154077791, 41.8047612798796, 41.8048682354772, 41.8049665644242, 41.8051314096036, 
41.8053132349926, 41.8055213896545, 41.80573225187, 41.8059125816815, 41.8061714459409, 41.8064044338015, 41.806666188237, 41.8069328320805, 41.808686402016, 41.8108854500366, 41.8118885641572, 41.8142472441888, 41.8146263336167, 41.8148098603259, 41.8151843302115, 41.8156781749945, 41.8161055572223, 41.8165473219292, 41.8185893297677, 41.8205814958818, 41.823181383416, 41.8242576156699, 41.8246211762835, 41.8248457716488, 41.8249819423299, 41.8252514905176, 41.8254302158134, 41.825573120325, 41.8258823735375, 
41.8261057296403, 41.8262813188786, 41.8264921353761, 41.8266624039481, 41.8268417147481, 41.8270302468877, 41.82729655701, 41.8288805552295, 41.8295600881673)
"58","Orange Line","35th/Archer to Ashland-Midway",2,"OR",5489.0629099,c(-87.6805873683447, -87.6779685236345, -87.6747568506003, -87.6732561584063, -87.6707888047645, -87.6690688313747, -87.6678465633578, -87.6669131685655, -87.6662434784051, -87.6653116640812, 41.8295600881673, 41.831174554607, 41.8331405381667, 41.8341133811037, 41.8358453096604, 41.8370645781776, 41.837896028299, 41.8385147464227, 41.838892006576, 41.839355878964)
"59","Green, Pink","Ashland-Lake to Morgan",2,"ML",4067.50513063,c(-87.6520187391027, -87.6531095117071, -87.6555866418782, -87.6567270163348, -87.6583462494253, -87.6614794525712, -87.6631228938131, -87.6641432947185, -87.6651638445332, -87.6669509371493, 41.8855786315429, 41.8855602312625, 41.8855348204254, 41.8855021722269, 41.8854830648638, 41.8854334301862, 41.8853893415172, 41.8853773952255, 41.8853511235207, 41.8853113955353)
"60","Green, Orange","Roosevelt/Wabash to Tower 12",2,"ML",3441.16101598,c(-87.626030035655, -87.6259786391544, -87.6259976807494, -87.6260154941508, -87.626099750882, -87.6261614668012, -87.6262230012686, -87.6263232576769, -87.6264012000807, -87.6265124988287, -87.6265852123791, -87.6266803308555, -87.6267344245059, -87.6267763065896, -87.626799390609, -87.6268060222676, -87.6267962457113, -87.6267926469583, -87.6267109896113, -87.6265898868313, 41.8767036215576, 41.8756935141651, 41.8753822052995, 41.8752631134644, 41.8751033275532, 41.8749927261612, 41.874898566546, 
41.8747840932029, 41.874698254615, 41.8745797381168, 41.8744692050726, 41.8743218157261, 41.8742130686273, 41.8740963341719, 41.8739978267027, 41.8738951079528, 41.8737840672384, 41.8736114082559, 41.8699747304867, 41.8674049600398)
"61","Green Line","California-Lake to Paulina Junction",2,"GR",7309.3684083,c(-87.6694286704023, -87.6708185436353, -87.672220779746, -87.6730806556135, -87.6742968205217, -87.6757917868171, -87.6766515988366, -87.6777516772345, -87.6794557518195, -87.6804318220686, -87.6818339838606, -87.6840416897026, -87.686086789843, -87.6876513079308, -87.6898127161239, -87.6907501185951, -87.6916719179506, -87.6926478019495, -87.6935928274734, -87.6951111065899, -87.6962342152953, 41.885242642486, 41.8852040523184, 41.8851369108804, 41.8851013533686, 41.8850562616727, 41.8850069682058, 
41.8849771709706, 41.8849255932085, 41.8848716581936, 41.884830921571, 41.8847694487756, 41.884683584638, 41.8845967607907, 41.8845592787535, 41.8844556838443, 41.8844088563114, 41.8843735069253, 41.8843500230709, 41.8843147869374, 41.8842537987794, 41.8842195322708)
"62","Green, Pink","Clinton-Lake to Tower 18",2,"ML",2139.86652029,c(-87.6339131748569, -87.6360572896779, -87.6381589820731, -87.6394431936706, -87.6417713046124, 41.8857245259202, 41.8857160654918, 41.8857077331871, 41.8857026224932, 41.8857034240059)
"63","Pink Line","18th to Polk",2,"PK",4977.22604945,c(-87.6695432279072, -87.6694964654093, -87.6694816608464, -87.6694544770128, -87.6694203248965, -87.6693485956226, -87.6692929567155, -87.6692443035254, -87.6692158022765, -87.6691601251073, 41.8715630043316, 41.8697271919529, 41.8691459566777, 41.8680787184496, 41.8667378722435, 41.864808449291, 41.8627940073861, 41.8610285422123, 41.8600874222599, 41.8579077084829)
"64","Pink Line","California-Douglas to Western-Douglas",2,"PK",2627.77164318,c(-87.6851792211705, -87.6885158668331, -87.6948229147203, 41.8543968373493, 41.8543837944305, 41.854279630742)
"65","Pink Line","Kedzie-Douglas to California-Douglas",2,"PK",2889.80041679,c(-87.6948229147203, -87.6983030045481, -87.7011584510897, -87.7023121556535, -87.7042560218717, -87.7054279567786, 41.854279630742, 41.8542476803704, 41.8541943503776, 41.8541771355305, 41.8541481046592, 41.8541305865165)
"66","Pink Line","Pulaski-Douglas to Central Park",2,"PK",2574.17176637,c(-87.7148802639521, -87.7167050825651, -87.7201405349864, -87.7230334015606, -87.7243267256691, 41.8539919551193, 41.8539456554932, 41.8539122517522, 41.8538672317138, 41.8538568318344)
"67","Brown, Orange, Pink, Purple (Express)","Library to LaSalle/Van Buren",2,"ML",960.148635274,c(-87.6317338345032, -87.6292529607329, -87.6282091453172, 41.8768553350794, 41.8768861394615, 41.876908340801)
"68","Brown, Purple","Merchandise Mart to Tower 18",2,"BR",1182.08915566,c(-87.6339733610689, -87.6339556472232, -87.6339131748569, 41.8889679336575, 41.8870692750429, 41.8857245259202)
"69","Brown, Orange, Pink, Purple (Express)","Washington/Wells to Tower 18",2,"ML",1104.10732073,c(-87.6339131748569, -87.6338890643445, -87.633853530515, 41.8857245259202, 41.8844056218233, 41.8826950188423)
"70","Brown Line","Kimball to Kedzie-Ravenswood",2,"BR",1790.39459961,c(-87.7131420360224, -87.7131151750606, -87.713110272518, -87.7130986299643, -87.7130873647218, -87.7130336821357, -87.7129793584911, -87.7129201513292, -87.7128024936151, -87.7126810779366, -87.7125522448955, -87.7123986647047, -87.7121872439505, -87.7117259837098, -87.7110788311625, -87.7102744766764, -87.7088437932325, 41.9679281517159, 41.9666666680104, 41.9664343171323, 41.9663533299962, 41.9662952591606, 41.9662149308058, 41.9661503331047, 41.9661149786713, 41.9660716167839, 41.9660469270836, 
41.9660489008957, 41.9660456205491, 41.9660522674064, 41.9660608971159, 41.9660744867452, 41.9660748887802, 41.9660926072891)
"71","Brown Line","Francisco to Rockwell",2,"BR",2052.12718055,c(-87.7016557332799, -87.7007524373478, -87.6995362838449, -87.6987286677109, -87.6978921599834, -87.696749320856, -87.6950224484355, -87.6941111250007, 41.9661468957042, 41.9661466865801, 41.966151889502, 41.9661593385348, 41.9661832969565, 41.9661984051967, 41.9662054908942, 41.9662099494137)
"72","Brown Line","Irving Park-Ravenswood to Addison-Ravenswood",2,"BR",2731.99458769,c(-87.674955744156, -87.6749076741168, -87.6748658743588, -87.6748538442891, -87.6748354971011, -87.6747927371808, -87.6747646956022, -87.6747361079691, 41.9545231398999, 41.9539225684418, 41.9530228370153, 41.9520213209961, 41.9510135760996, 41.9495873884577, 41.9485914970973, 41.9470286559819)
"73","Brown Line","Southport to Clark Junction",2,"BR",3163.23642689,c(-87.6636095600388, -87.6590952433441, -87.6576657479067, -87.6560829045102, -87.6554957151696, -87.6552149219371, -87.6550299954764, -87.6548802923986, -87.6546988852541, -87.6545431535098, -87.654412922693, -87.6542481272168, -87.6540995110688, -87.6540047813698, -87.653916610409, -87.6538222088808, -87.6537469266577, -87.6536654909945, -87.6536077075945, -87.6535547080035, -87.6535112553528, -87.6534749686567, -87.653453918199, 41.9438122563749, 41.9439073238032, 41.9439108307056, 41.9439324726608, 
41.9439409188754, 41.9439416421518, 41.9439286392974, 41.9439039338135, 41.9438599834372, 41.9438018909183, 41.9437463321605, 41.9436405437282, 41.943513411193, 41.9434199482751, 41.9433098490581, 41.9431854192408, 41.9430634847894, 41.9429200751751, 41.942803007867, 41.9426859706522, 41.9425713713153, 41.9423829674273, 41.9421768136823)
"74","Green Line","Oak Park-Lake to Ridgeland",2,"GR",2757.12705329,c(-87.7836610321672, -87.7845129408955, -87.7861934788239, -87.7879360118649, -87.7886021773907, -87.789562489536, -87.7912430231565, -87.7924590099855, -87.7937833511171, 41.8871593986849, 41.8871461127581, 41.8871252011326, 41.8870987719573, 41.8870730022034, 41.8870601947661, 41.8870392074151, 41.8870102228637, 41.8869875210686)
"75","Green Line","Central-Lake to Laramie",2,"GR",2916.16428088,c(-87.7549864948668, -87.7553116048023, -87.755736961707, -87.7561467815931, -87.756502295074, -87.7567729963785, -87.7570127784499, -87.7572680453332, -87.7575621338739, -87.7578098666487, -87.7584581807506, -87.7607747365444, -87.7625959896778, -87.7639978315612, -87.7651315027613, -87.765649506369, 41.887163225886, 41.8871764366292, 41.8872364390701, 41.887302149243, 41.8873791572783, 41.8874152356629, 41.887445370848, 41.8874755832103, 41.8874944166617, 41.8875014458616, 41.8874754059035, 41.8874401451183, 
41.8874385356798, 41.8874107778763, 41.8873867516339, 41.8873890136468)
"76","Green Line","Kedzie-Lake to California-Lake",2,"GR",2708.38948146,c(-87.6962342152953, -87.6978689206991, -87.6987982828891, -87.6995265065051, -87.7002318690813, -87.7006254320483, -87.7010769862393, -87.7012900849532, -87.701312128029, -87.7027739497724, -87.7037135132056, -87.7041832023021, -87.7056036969673, -87.7056730959279, -87.7061164010461, -87.7061554186072, 41.8842195322708, 41.8841302210252, 41.8841122139442, 41.8840757317375, 41.8840577838548, 41.8840388326684, 41.8840314140731, 41.8840223826415, 41.8840214478582, 41.8841144516486, 41.8841742187674, 
41.8842040930848, 41.8842883712321, 41.8842924878743, 41.8843187851815, 41.8843210969728)
"77","Green Line","King Drive to 59th Junction",2,"GR",3308.8237375,c(-87.6181432010427, -87.6180141461304, -87.618002551138, -87.6179551152735, -87.6179388940256, -87.6179024604611, -87.6178179816922, -87.6176860089071, -87.6175059908882, -87.6170883437324, -87.615545883473, 41.7874683519996, 41.7847662233797, 41.783808093382, 41.7814568256025, 41.7803564514874, 41.7802213522394, 41.7801427418788, 41.7800709358112, 41.7800556156621, 41.780088505484, 41.7801297171098)
"78","Green Line","Ashland/63rd to Halsted/63rd",2,"GR",5416.267312,c(-87.6440231279717, -87.6449396228421, -87.6454051089915, -87.6457119339114, -87.6460332826456, -87.6463868833937, -87.6495874821435, -87.6526242648652, -87.657089894499, -87.6615626997712, -87.6638448475345, 41.7790278683738, 41.7790224055223, 41.7790273861868, 41.7790840124457, 41.7791516830134, 41.779215161703, 41.7791794657259, 41.7791295603324, 41.7790770359604, 41.7789917609106, 41.7789534059757)
"79","Green Line","51st to 47th-South Elevated",2,"GR",2597.66793779,c(-87.6188261286218, -87.6187676992856, -87.6187040466875, -87.6186735073168, -87.6186370238809, -87.6186192720139, -87.6186034529011, -87.6185807593324, -87.6185016003851, 41.8092088349894, 41.8067476295625, 41.8064826724997, 41.8063657555303, 41.8062106860853, 41.8060890839954, 41.8057935955121, 41.8039245428035, 41.8020915843904)
"80","Green, Orange","17th Junction to Roosevelt/Wabash",2,"ML",3151.19415158,c(-87.6265898868313, -87.6265632893392, -87.6264995937337, -87.6264726765941, -87.6264179891487, 41.8674049600398, 41.8657330667093, 41.861888249572, 41.8601616343042, 41.8587587119981)
"81","Orange Line","Kedzie-Midway to Western-Midway",2,"OR",5524.17475894,c(-87.7043206655606, -87.6982003019646, -87.6942738168862, -87.6910926332691, -87.6868736192837, -87.6840649871721, 41.8043484089886, 41.804455281416, 41.804538321252, 41.8045920461637, 41.804635081582, 41.8046835599055)
"82","Orange Line","Ashland-Midway to Halsted-Midway",2,"OR",5445.50160697,c(-87.6653116640812, -87.6622670803256, -87.6587258536263, -87.6577973943232, -87.6543389595067, -87.6535745466406, -87.6531268166849, -87.6526441196095, -87.6520626385055, -87.6514238128305, -87.6506535618131, -87.6500970765174, -87.6494187170954, -87.6481311050526, 41.839355878964, 41.8408031680026, 41.8425094985506, 41.8429471255386, 41.8446347491246, 41.844918470749, 41.8450801899503, 41.8452345532218, 41.8453907108699, 41.8455465251165, 41.8457777852089, 41.8459793418425, 41.8462564006158, 41.8469014409553
)
"83","Orange Line","Halsted-Midway to 17th Junction",2,"OR",7782.01006341,c(-87.6481311050526, -87.6465330200917, -87.6457843369386, -87.6451385382991, -87.6443910453793, -87.6435092073193, -87.6428189445781, -87.6412243224678, -87.6406081161737, -87.6403158099215, -87.6401455442404, -87.6389072460234, -87.6380041623207, -87.6365621535768, -87.6359467022762, -87.6352489168123, -87.6339790492558, -87.6335746279671, -87.633052288331, -87.6325114747115, -87.6319777876221, -87.6315849417485, -87.6313008458869, -87.6307554759247, -87.6278265582406, -87.6274119008305, -87.6272682049039, 
-87.6271275642668, -87.6269900574781, -87.6268203463666, -87.6266920837828, -87.6265987908821, -87.6265477451173, -87.6264697747264, -87.6264557750421, -87.6264179891487, 41.8469014409553, 41.8476780121378, 41.8479736863867, 41.8481818311165, 41.8483655417944, 41.8485984657779, 41.8488117567367, 41.8495778673486, 41.8499483692245, 41.8501681474821, 41.8502981391134, 41.8516699333715, 41.8526816557552, 41.8543189932364, 41.854951296225, 41.8555354518938, 41.856568732198, 41.8568378360255, 41.8571086017887, 
41.8573196973768, 41.8574617514365, 41.857545110412, 41.8575910176846, 41.8576353253335, 41.8576864540195, 41.857724402635, 41.8577521052313, 41.8577917370823, 41.8578361526534, 41.8579113372765, 41.8579843961698, 41.858064815241, 41.8581215748024, 41.8582443087776, 41.858388809703, 41.8587587119981)
"84","Green, Pink","Paulina Junction to Ashland-Lake",2,"ML",675.17812086,c(-87.6669509371493, -87.6694286704023, 41.8853113955353, 41.885242642486)
"85","Pink Line","Damen to 18th",2,"PK",2970.15339765,c(-87.6691601251073, -87.6690974197282, -87.6691074147022, -87.6691166247396, -87.6691423982851, -87.6691688169027, -87.6691906033918, -87.6692338621787, -87.6693037042742, -87.6693644967753, -87.6694755707755, -87.6695218977228, -87.6695701615373, -87.6696410414074, -87.6696914168212, -87.66975317725, -87.6698106296291, -87.669894595778, -87.6699549445228, -87.6735730637043, -87.6746050487442, -87.675974096236, 41.8579077084829, 41.8553253360417, 41.8552121493483, 41.8551748202865, 41.8550975864826, 
41.8550412227995, 41.8549894393897, 41.854930318976, 41.8548603563294, 41.8548123322522, 41.8547371112518, 41.8547136180113, 41.8546914810615, 41.8546633047201, 41.8546451882579, 41.8546276696578, 41.8546181058949, 41.8546042979776, 41.8545991499597, 41.8545573217356, 41.8545391790856, 41.8545148618516)
"86","Pink Line","Central Park to Kedzie-Douglas",2,"PK",2575.7443044,c(-87.7054279567786, -87.7097703331095, -87.7148802639521, 41.8541305865165, 41.8540463363069, 41.8539919551193)
"87","Pink Line","Kostner to Pulaski-Douglas",2,"PK",2435.41741826,c(-87.7243267256691, -87.7259329228615, -87.7273596612969, -87.7299506000753, -87.7332636592118, 41.8538568318344, 41.853875133266, 41.8538665904751, 41.853814126097, 41.8537506874388)
"88","Pink Line","Paulina Junction to Polk",2,"PK",5100.6748633,c(-87.6695432279072, -87.669643314924, -87.6697011349944, -87.6697119968731, -87.6697348410167, -87.6697543028428, -87.6697604262237, -87.6697657932624, -87.6697753857205, -87.6697878317955, -87.6698040622136, -87.6698266452989, -87.6698588435752, -87.669944307601, -87.6699998563501, -87.6700378422587, -87.6700557009348, -87.670056313283, -87.6700576897497, -87.6701191527872, -87.6701870689119, -87.6701347971762, -87.6700964446052, -87.6701199825336, -87.6701380729772, -87.6701436933956, -87.670131293319, 
-87.6701129979655, -87.6700616650026, -87.670011738766, -87.6698945434389, -87.6697866797694, -87.6696344359038, -87.6694286704023, 41.8715630043316, 41.8751497197606, 41.8754265056906, 41.8757392220846, 41.876884853539, 41.8775467567191, 41.8777611553276, 41.877800509657, 41.8778657849246, 41.8779032624276, 41.8779469966595, 41.8779970006564, 41.8780480199631, 41.8781702812726, 41.8782644726457, 41.8783646641671, 41.8784818720265, 41.8785745729179, 41.8789263397561, 41.8805820378542, 41.882747020797, 
41.8830644005775, 41.8834106238894, 41.8839935251174, 41.8843885846903, 41.8845598556139, 41.8846868319516, 41.8848035508725, 41.8848809708888, 41.8849425890282, 41.8850638478383, 41.8851295113048, 41.8851976795291, 41.885242642486)
"89","Pink Line","Cicero-Douglas to Kostner",2,"PK",3538.7865427,c(-87.7332636592118, -87.7346043918181, -87.7347809960764, -87.734960349156, -87.7350943834752, -87.7352141613271, -87.7353849183176, -87.7355522249272, -87.7356747086106, -87.7357995990038, -87.7359102671834, -87.7361539416684, -87.7365894414298, -87.7368125672704, -87.736935246658, -87.737171278066, -87.7373623263455, -87.7374917086391, -87.737609077918, -87.737764596584, -87.73793436793, -87.7390336660102, -87.739874945653, -87.7425255744567, -87.7453420101025, 41.8537506874388, 41.8537338991852, 
41.8537286298096, 41.8537152713646, 41.8536927433553, 41.8536612077079, 41.8536127920559, 41.8535414776829, 41.8534760098691, 41.8534087672568, 41.8533289447147, 41.8530800839603, 41.8525960855683, 41.8524081610241, 41.8523212538069, 41.8522035514939, 41.8521358744461, 41.8520990264816, 41.8520692621152, 41.8520486286992, 41.8520370031011, 41.8520301898804, 41.8520166734544, 41.8519606610804, 41.8519247156202)
"90","Pink Line","54/Cermak to Cicero-Douglas",2,"PK",3093.08992107,c(-87.7453420101025, -87.7492104330844, -87.7521298681626, -87.75669201571, 41.8519247156202, 41.8518797090807, 41.8518837272057, 41.8517733102845)
"91","Blue Line (Forest Park)","Austin-Congress to Cicero-Congress",2,"BL",8734.71750695,c(-87.7767852694845, -87.7744509369883, -87.773953731069, -87.7724573232371, -87.7701431841516, -87.7682493438546, -87.7673891862828, -87.7649035346608, -87.7643207348856, -87.7638447257516, -87.7635356834825, -87.7632927006207, -87.7630149534496, -87.7627591691268, -87.762528606977, -87.7623706599822, -87.76211773442, -87.7618837251932, -87.7616621773487, -87.7612569347753, -87.760911905101, -87.7605986126867, -87.7604309102593, -87.7601083461975, -87.7597825023895, -87.7593970297717, -87.758914096574, 
-87.7583369399644, -87.7576525066603, -87.7567443133741, -87.755839380369, -87.7533516798194, -87.7499870553032, -87.7451721778681, 41.870886393981, 41.8707423921881, 41.8707199217477, 41.8706281648149, 41.8704889756287, 41.8703759846648, 41.8703128369048, 41.8700978998122, 41.8700455263283, 41.8700384536153, 41.8700463473525, 41.8700710633765, 41.8701050328605, 41.8701508917972, 41.8701968764252, 41.8702314397154, 41.8703103036559, 41.8703892620634, 41.870484776332, 41.8706736368416, 41.8708274485263, 
41.8709578518341, 41.8710253551141, 41.8711345023157, 41.8712577712348, 41.8713501070343, 41.8714113180988, 41.8714319955048, 41.8714615580206, 41.871480567567, 41.8714878035202, 41.8714988319873, 41.8715572001573, 41.8716080507433)
"92","Red, Purple Line","Wilson to Sheridan",2,"RD",4256.90095015,c(-87.6577343674768, -87.6576315348078, -87.6569986549868, -87.6568900880667, -87.6568367244569, -87.6567690257545, -87.6567386647349, -87.6567398360495, -87.6567175060948, -87.6566476080965, -87.6565653247796, -87.6564653795211, -87.6563474900252, -87.656235021326, -87.6560630208304, -87.655570432466, -87.6549293912331, 41.9642546930349, 41.9639541859134, 41.9618141877705, 41.9586107105121, 41.9569225936401, 41.954906572879, 41.9544102431536, 41.9542994987349, 41.9541664713111, 41.9540420209645, 
41.953966226998, 41.9538770408827, 41.9538010368334, 41.9537737922652, 41.9537639176036, 41.9537654421412, 41.953774946699)
"93","Purple Line","Central-Evanston to Noyes",2,"PR",2193.05016987,c(-87.68561725638, -87.684848690813, -87.6841660376413, -87.6838170801636, -87.6837359976128, -87.6836919641472, -87.6836551440698, -87.6836040137497, -87.683538393926, -87.6834289731567, -87.6833935924714, -87.6833520331198, -87.683334007378, -87.6833276598179, -87.6833368796548, 42.0639865427503, 42.0627412551446, 42.0614811914457, 42.0608595637883, 42.0606563110797, 42.0605264959269, 42.060430524758, 42.0602556051011, 42.0600186375011, 42.0596293273527, 42.0593925326819, 42.0590205037961, 42.0585641146168, 
42.0584457810407, 42.0582824704243)
"94","Red, Purple Line","Berwyn to Argyle",2,"RD",1651.48004502,c(-87.6586684193605, -87.6585879308348, -87.6585299624958, 41.9779839913836, 41.9752279949978, 41.9734533226219)
"95","Brown, Purple","Chicago/Franklin to Merchandise Mart",2,"BR",3099.66417686,c(-87.6359466568861, -87.6358340868233, -87.6357349984067, -87.6356849978378, -87.6356831587663, -87.6356452134688, -87.6356283159743, -87.6355952727482, -87.6355801897085, -87.6355351977671, -87.6355264665213, -87.6354809305474, -87.6353990828128, -87.6353266439097, -87.6352399228183, -87.6350792102974, -87.6349330094328, -87.6347539497704, -87.6346157659006, -87.6344677011321, -87.6343637585395, -87.6342463795627, -87.6341367692074, -87.6340716946177, -87.6340200603159, -87.6339934152651, -87.6339733610689, 
41.8967741719865, 41.8966680965292, 41.8965449442202, 41.8964517372883, 41.8963278540163, 41.8954200242053, 41.8943360439949, 41.8932710220432, 41.8926063104192, 41.8914673688505, 41.8905120734321, 41.8903021672143, 41.8902063842298, 41.8901249503563, 41.8900700985543, 41.8900114853608, 41.8899700990516, 41.8899362690909, 41.8899117827914, 41.8898863511599, 41.8898403819715, 41.8897872596305, 41.8897019631391, 41.8896237307975, 41.8895219346631, 41.889426202315, 41.8889679336575)
"96","Purple Line","Main to South Blvd.",2,"PR",2155.03932885,c(-87.6795379228038, -87.6792588536089, -87.6789154943822, -87.6785547062429, -87.6783294157723, 42.0334557110665, 42.0321162283192, 42.0306003379847, 42.0289435172424, 42.0276118484805)
"97","Red, Purple Line","Morse to Loyola",2,"RD",3131.41055187,c(-87.6659090888394, -87.6658316025244, -87.6657697066902, -87.6657124672022, -87.6655256022365, -87.6652711942362, -87.6649990949666, -87.6647682510326, -87.6644754288765, -87.6640054965983, -87.6634618000209, -87.663461268897, -87.6628805309332, -87.6622492169182, -87.6616574825938, -87.6614202376864, -87.6610607010361, 42.0083618179694, 42.0068660588286, 42.0061844526183, 42.0058596708366, 42.0052496720224, 42.0046652594528, 42.0041478514542, 42.0038153552906, 42.0034800576531, 42.0030474201282, 
42.0026379062416, 42.0026374475792, 42.0022652104673, 42.0018688801211, 42.001524967765, 42.0013667647945, 42.0010733595534)
"98","Blue Line (Forest Park)","Kedzie-Homan to Western-Congress",2,"BL",4809.55379307,c(-87.7059782958795, -87.70394008075, -87.7014677641925, -87.700813457069, -87.7004337849091, -87.7000030240743, -87.6996042750462, -87.6991640922845, -87.6987781625843, -87.698306200889, -87.6977801056539, -87.6967296958941, -87.6960171260376, -87.6923294505603, -87.6914774691506, -87.6910347443671, -87.6884345116285, 41.8744255093569, 41.8747239642489, 41.8750850333657, 41.8751767183598, 41.8752151231196, 41.8752627741183, 41.8752963063149, 41.8753296092341, 41.8753560633305, 41.875379658138, 41.875398186824, 
41.8753958019313, 41.8754091597388, 41.8754698494534, 41.8754716444756, 41.8754916777884, 41.8755295739503)
"99","Brown Line","Western-Ravenswood to Damen-Ravenswood",2,"BR",2684.37512765,c(-87.6885026062574, -87.6871808616866, -87.6854537693588, -87.6839853505302, -87.6827146937062, -87.6815942404235, -87.6803396388376, -87.6786348852376, 41.9662500481945, 41.9662807302366, 41.966309111161, 41.9663246358714, 41.9663531740636, 41.9663634937428, 41.9663825677145, 41.9664109730964)
"100","Brown Line","Montrose-Ravenswood to Irving Park-Ravenswood",2,"BR",2634.82942635,c(-87.675165389689, -87.6751307944001, -87.6750541531739, -87.6750071744742, -87.6749718306724, -87.674955744156, 41.9617517119769, 41.9607715067496, 41.9579849344358, 41.9566578209447, 41.9551306746914, 41.9545231398999)
"101","Green Line","Ridgeland to Austin-Lake",2,"GR",2594.49272428,c(-87.7741352557157, -87.7751109577884, -87.7761333232205, -87.7773723982512, -87.7785651121488, -87.7797963929355, -87.7810045440373, -87.7824759638053, -87.7836610321672, 41.8872927848299, 41.8872917443915, 41.8872677778909, 41.88725642553, 41.8872332610463, 41.887227629573, 41.8872103015571, 41.8871942239746, 41.8871593986849)
"102","Green Line","Cicero-Lake to Pulaski-Lake",2,"GR",5269.52037464,c(-87.7254037665998, -87.7257289415116, -87.7262458562478, -87.726738383986, -87.7292554802527, -87.7299439307044, -87.7311327243834, -87.7320430210294, -87.7331139230529, -87.7337993330544, -87.7343122940016, -87.735585481323, -87.738055641489, -87.7405428484013, -87.7412978063616, -87.7429602885951, -87.7446909746737, -87.7446983998764, 41.8854119781618, 41.8854304643585, 41.8854601057605, 41.8854883483423, 41.8856326431131, 41.885672098746, 41.8857402219611, 41.8857923768123, 41.8858537263575, 
41.8858929845288, 41.8859218244022, 41.8859933938686, 41.8861322068443, 41.8862722926585, 41.886317189682, 41.8864160364125, 41.8865189109044, 41.8865193523174)
"103","Blue Line (O'Hare)","Division/Milwaukee to Chicago/Milwaukee",1,"BL",4058.72522453,c(-87.6664960678468, -87.6659263988333, -87.6652368877088, -87.6641701299797, -87.663574481907, -87.6625869384693, -87.6616223204775, -87.6609014447906, -87.6598688814097, -87.6587856248291, -87.6578142725834, -87.656717031063, -87.6557968008056, -87.6552142782404, 41.9033550854532, 41.9029714967175, 41.9025206585932, 41.9018424369074, 41.9014621099343, 41.9008239368195, 41.9002202650762, 41.899744799251, 41.8990969331787, 41.8983950134226, 41.8977738547388, 41.8970530061286, 41.8964439979604, 41.8960752372848
)
"104","Blue Line (O'Hare)","Harlem-O'Hare to Jefferson Park",2,"BL",14394.6664356,c(-87.8088949357654, -87.8071844987018, -87.8060574275245, -87.8030657412122, -87.8010669604896, -87.7987617323589, -87.7940330708483, -87.7906517674834, -87.7879230731615, -87.787124831381, -87.7865061460936, -87.7859793221539, -87.7855404994643, -87.7851616634139, -87.7846873593227, -87.7842013911292, -87.7836439758179, -87.7830672513668, -87.7825226866656, -87.781752305261, -87.7808268945425, -87.7798301826159, -87.7783817787981, -87.7770148650073, -87.775236861341, -87.7736830864607, -87.77192956614, 
-87.7694399808511, -87.767967664986, -87.7672231002769, -87.7662388181637, -87.7657175382578, -87.7653448837868, -87.7651296025912, -87.7647147410685, -87.7642971655061, -87.7637096142101, -87.7632020260764, -87.7626837067835, -87.7620948497188, -87.7614898160729, -87.7608922787604, 41.9823233704479, 41.9823399635068, 41.9823467028175, 41.9823638906363, 41.9823832261103, 41.9823963356601, 41.9824313906034, 41.982460716589, 41.9824775606373, 41.9824856758505, 41.9824976192243, 41.9825010642402, 41.9824811050304, 
41.9824465427849, 41.9823757908777, 41.982269249925, 41.9821176986874, 41.9818916122189, 41.9816388780099, 41.9811944868265, 41.9806808583164, 41.9801073254921, 41.9792795330046, 41.9785248671834, 41.977511443456, 41.9766328975615, 41.975631871746, 41.9742116125695, 41.9733855892315, 41.9729849337256, 41.9724342201529, 41.9721649189376, 41.9720080032274, 41.9719138952569, 41.9717546789288, 41.9716144760943, 41.9714552904689, 41.9713453337032, 41.9712194440553, 41.9710738494409, 41.9708785469089, 
41.9706341386188)
"105","Blue Line (O'Hare)","Jefferson Park to Montrose-O'Hare",2,"BL",5796.53785507,c(-87.7608922787604, -87.7605721658649, -87.7601262805662, -87.7596983075639, -87.7591814203969, -87.7585685509329, -87.7573833482107, -87.7564001336469, -87.7558628931591, -87.7553071047145, -87.754662424225, -87.753963794839, -87.7533223876329, -87.7526145669823, -87.7521830468484, -87.7516310070373, -87.7508582972654, -87.7499967192068, -87.7497521598793, -87.7495106399448, -87.7492468241712, -87.7489161157983, -87.7486967223703, -87.7483721154612, -87.7480220867588, -87.747589405201, -87.7469878349391, 
-87.7465548946539, -87.7461125144522, -87.7457689855253, -87.7454637126647, -87.7452551731344, -87.7450221921438, -87.7447681190927, -87.7445586836667, -87.7443302329068, -87.7440955546204, -87.7438831937944, -87.7436169744003, 41.9706341386188, 41.9704969993048, 41.9703058759054, 41.9700763061984, 41.9697933914272, 41.9694377703392, 41.968763034646, 41.9681953480709, 41.9678924862678, 41.9675823952476, 41.9672194471399, 41.9668228722574, 41.9664527862996, 41.9660156608228, 41.9657323863196, 41.965365125485, 
41.9647762393031, 41.964322990191, 41.9641907304459, 41.9640751606392, 41.9639547114487, 41.9638196293228, 41.9637279922547, 41.9636239073698, 41.9635077815012, 41.9633555006132, 41.9631737692918, 41.9630500695499, 41.9629120262559, 41.9627840162958, 41.9626609648485, 41.9625607696199, 41.9624300185203, 41.9622929357384, 41.9621608449652, 41.9620143626169, 41.9618511737401, 41.9616904812392, 41.9614866334933)
"106","Green Line","Halsted/63rd to 59th Junction",2,"GR",9551.67040421,c(-87.6181432010427, -87.6181774066855, -87.6182281348306, -87.6183199267522, -87.6184319982894, -87.6185496077507, -87.6187343922617, -87.6206498383534, -87.6229458097575, -87.6241143521676, -87.6247001360603, -87.6257043918644, -87.6279276170255, -87.6294125340335, -87.6307101713926, -87.6309679615678, -87.6312111826717, -87.6313785373596, -87.6315606986664, -87.6316961541728, -87.6317846889202, -87.6318496557781, -87.6319001251925, -87.6319566664517, -87.6320014709198, -87.6320349446686, -87.6320158444777, 
-87.6320471244047, -87.6320512317521, -87.6320283921982, -87.6320293329407, -87.6320003957021, -87.632002711683, -87.632014826796, -87.6320510578414, -87.6320986184247, -87.6321845745078, -87.632456196262, -87.6328755875993, -87.6330970521728, -87.6333738094095, -87.6335323118664, -87.6337549861346, -87.6341769614364, -87.6347160903012, -87.6356480593724, -87.6372996528249, -87.6395955823419, -87.6440231279717, 41.7874683519996, 41.7872888550912, 41.7872036993237, 41.7871122238326, 41.7870405994364, 
41.7869974993056, 41.7869701580714, 41.7869382259093, 41.786919572823, 41.7869048773213, 41.7868931510664, 41.7869059157964, 41.7868450753999, 41.7868191176373, 41.7867810380795, 41.7867716571561, 41.7867556104199, 41.7867149935231, 41.7866591256858, 41.7865898226261, 41.7865268072711, 41.786476797622, 41.7864135488342, 41.7863306139185, 41.7862497996865, 41.7861338501416, 41.7857370569331, 41.7836727748343, 41.7832958481176, 41.7818985721062, 41.7815435415023, 41.7807382640386, 41.7805415081124, 
41.7804564264155, 41.7803558347416, 41.7802903774697, 41.7801944721895, 41.7799879295168, 41.7796551750003, 41.7794833893258, 41.7793426224513, 41.7793063313305, 41.7792923463482, 41.7792598499123, 41.7792236805742, 41.7791416810202, 41.7791188254524, 41.7790779223749, 41.7790278683738)
"107","Green Line","43rd to Indiana",2,"GR",2502.48031508,c(-87.6214628119334, -87.6200221308765, -87.6197484258074, -87.6195927575806, -87.6194785669823, -87.6193551930507, -87.619267008099, -87.6191954348216, -87.6191615683867, -87.6191637652969, -87.6191594076871, -87.6190922070181, -87.6190357816436, 41.821815196352, 41.8218416442454, 41.8218256511604, 41.8217913332461, 41.8217501268302, 41.8216755124843, 41.8215868237229, 41.8214687931516, 41.8213312748324, 41.8211335681936, 41.8209524952645, 41.8186890067063, 41.8164632233733)
"108","Blue Line (O'Hare)","O'Hare Airport to Subway Portal A",1,"BL",2195.06475199,c(-87.9018483990251, -87.9015223790072, -87.901225985958, -87.9010185869828, -87.9008185818066, -87.9005890933853, -87.9001372591727, -87.8996486409774, -87.899201481973, -87.8987153838844, -87.8982300996638, -87.8977725268311, -87.8971328687926, -87.8965840041026, -87.8962734118423, -87.896012680745, -87.8957623158427, -87.8956233979805, 41.9788767385307, 41.9791591894591, 41.9794491498711, 41.9796405893906, 41.9798265634743, 41.9800179252812, 41.9804336129972, 41.9808436796421, 41.9811685155413, 
41.9814676563262, 41.9816464052086, 41.9817048669673, 41.9817382326689, 41.981673891718, 41.9815862393694, 41.9814674257709, 41.9813184765595, 41.9811871543649)
"109","Blue Line (O'Hare)","Subway Portal A to Rosemont",2,"BL",11048.4213897,c(-87.8956233979805, -87.8956194499981, -87.8938263771341, -87.8927903543251, -87.8917035219394, -87.8914813927173, -87.8912363202117, -87.8909502240479, -87.8906548759382, -87.8903092286792, -87.8899315953064, -87.8895947773684, -87.8892804549743, -87.8890071099655, -87.8887473381843, -87.8884007481381, -87.8880494097541, -87.8877169885724, -87.8874721876621, -87.8872550754716, -87.8855078299565, -87.8787440698331, -87.878738372604, -87.8757005054276, -87.8746272798072, -87.8743444304639, -87.8740784854493, 
-87.8736378401125, -87.8731726223415, -87.8727573962954, -87.8723672813396, -87.8719356410945, -87.8713901484652, -87.8709316958722, -87.8703259381447, -87.8687660981175, -87.8663268768652, -87.8639538824811, -87.861298000753, -87.859387701278, 41.9811871543649, 41.9811834236536, 41.9796471143737, 41.9787062452645, 41.9777865153478, 41.9776258836286, 41.9774889597392, 41.9773552768949, 41.9772419546301, 41.9771556346706, 41.9770827860137, 41.9770372919437, 41.9770326769396, 41.977031619324, 41.9770442122024, 
41.9770938614437, 41.9771706883797, 41.9772774597073, 41.9773676072848, 41.9774661431613, 41.9782294808324, 41.9809783320509, 41.9809806224359, 41.982233716404, 41.9826627064235, 41.9827729879636, 41.9828400099166, 41.9829744182795, 41.9830653981409, 41.9831256287978, 41.9831550099913, 41.983190414529, 41.9832097782835, 41.9832111332684, 41.9832334507762, 41.983264285826, 41.9832977163749, 41.9833499342635, 41.9834400640294, 41.9835072879145)
"110","Pink Line","Western-Douglas to Damen",2,"PK",2508.2334731,c(-87.675974096236, -87.6823446843474, -87.6829063929505, -87.6832172743862, -87.6851792211705, 41.8545148618516, 41.8544423706294, 41.8544335010495, 41.8544283609662, 41.8543968373493)
"111","Blue Line (Forest Park)","Oak Park-Congress to Austin-Congress",2,"BL",4060.3688018,c(-87.7916021491594, -87.7872369160576, -87.7841829455199, -87.7825158343104, -87.7782623411928, -87.7767852694845, 41.872107973915, 41.8717239127378, 41.8714505561759, 41.8713013012694, 41.8709782018517, 41.870886393981)
"112","Blue Line (Forest Park)","Western-Congress to Illinois Medical District",2,"BL",3946.19657258,c(-87.6884345116285, -87.6870277735107, -87.6861288714015, -87.6802679500526, -87.6764514101674, -87.6739458799068, 41.8755295739503, 41.8755382807011, 41.8755451290066, 41.8755807925727, 41.8756092911116, 41.8756354289717)
"113","Blue Line (O'Hare)","Jackson/Dearborn to Monroe/Dearborn",1,"BL",918.932131269,c(-87.6293776998794, -87.6293387004836, -87.6293237586051, -87.6293137101191, -87.6292962229079, -87.6292956642318, 41.8807034604023, 41.8794975467483, 41.879035529161, 41.8787303880662, 41.8781995579813, 41.8781825174102)
"114","Blue Line (Forest Park)","Harlem-Congress to Oak Park-Congress",2,"BL",4213.41370753,c(-87.8069608721682, -87.8056870717166, -87.8044833507667, -87.8015176051638, -87.7963544369921, -87.7927901533478, -87.7916021491594, 41.8734900509614, 41.873363166909, 41.8732488343482, 41.8729670857713, 41.8725068507315, 41.8722124655035, 41.872107973915)
"115","Blue Line (O'Hare)","Washington/Dearborn to Monroe/Dearborn",1,"BL",896.981785322,c(-87.6294400593354, -87.6294237689501, -87.6294197275228, -87.6293984430099, -87.6293794816575, -87.6293776998794, 41.8831644252538, 41.8821279170576, 41.8820029439929, 41.8813448647768, 41.8807585676468, 41.8807034604023)
"116","Blue Line (O'Hare)","Clark/Lake to Washington/Dearborn",1,"BL",1285.12850587,c(-87.630886017391, -87.630198521585, -87.6301139445365, -87.6299216529615, -87.6298162903941, -87.6297528016868, -87.6297043638247, -87.6296602934678, -87.6295834099622, -87.6295246869513, -87.629477997569, -87.6294706018138, -87.6294673988769, -87.6294655907856, -87.6294400593354, 41.8857369846854, 41.885737517575, 41.8857377127574, 41.8857381592885, 41.8857384033989, 41.8857332417364, 41.8857229403864, 41.8857078183504, 41.8856776675242, 41.8856330586551, 41.8855708255386, 41.8855150969105, 41.8854649733843, 
41.8853691112546, 41.8831644252538)
"117","Red Line","Jackson/State to Harrison",1,"RD",1499.38156637,c(-87.6275960972336, -87.6275658198953, -87.6275433224695, -87.6275116541196, -87.6274791157259, 41.8781527560987, 41.87687452107, 41.8759249229166, 41.8747142341361, 41.8740392437221)
"118","Blue Line (Forest Park)","Cicero-Congress to Pulaski-Congress",2,"BL",5492.16275584,c(-87.7451721778681, -87.7448537763541, -87.7438067519937, -87.7414575704047, -87.7406597391853, -87.7401803309204, -87.7397606714985, -87.73940708825, -87.7387974783254, -87.7385131211195, -87.7381654479548, -87.7378715001162, -87.7374507204183, -87.737108976318, -87.7362346950887, -87.7358356474898, -87.7350381593065, -87.7346998879402, -87.7342131026014, -87.733748780732, -87.733183679761, -87.7326788769994, -87.7302635152138, -87.7270659656305, -87.7256249304324, 41.8716080507433, 41.8716040634566, 
41.8716340411062, 41.8716667322677, 41.8716838271163, 41.8717025605597, 41.8717380960265, 41.8717881115941, 41.8719074968373, 41.8719720070005, 41.8720644672458, 41.8721430651122, 41.8722987696019, 41.8724313181947, 41.8728698017536, 41.8730609616705, 41.8733772979056, 41.8734745080967, 41.8736062918984, 41.8736957730325, 41.873772942886, 41.8738080083652, 41.8738283414597, 41.8738751322745, 41.8738887244032)
"119","Blue Line (O'Hare)","Loomis Junction to Racine",2,"BL",2199.89362298,c(-87.6594555091091, -87.6601834788313, -87.6649902360169, -87.6665813123058, -87.6675310677176, 41.8758856350009, 41.8758712195386, 41.8758101969939, 41.8757720911407, 41.8757618291324)
"120","Blue Line (O'Hare)","Addison-O'Hare to Belmont-O'Hare",2,"BL",4022.02710981,c(-87.7190993029302, -87.7189102510124, -87.7187903060259, -87.7186766290145, -87.7185006022035, -87.7183083946067, -87.7181358823538, -87.7178941381557, -87.7177058371277, -87.7174956617735, -87.7172667808361, -87.7170313148288, -87.71680195669, -87.7166477298074, -87.7165218063507, -87.7163607865025, -87.7161682989695, -87.715934220778, -87.7156229075058, -87.7152938662363, -87.7150278262792, -87.7147302553316, -87.7145230047761, -87.7142782169353, -87.713935525094, -87.7136109024773, -87.7132865169868, 
-87.7129948424356, -87.7127847656165, -87.7125754004389, -87.7124795153789, -87.7124173997543, -87.7123943301184, -87.7123593511554, 41.9473601028521, 41.9472002241618, 41.9470638004831, 41.9469393216215, 41.9466620519927, 41.9464085163869, 41.9460979140106, 41.9456868917897, 41.9453595299511, 41.9449844084905, 41.9445639256609, 41.94416484481, 41.9437943835989, 41.9435743982567, 41.9433974439814, 41.943220300973, 41.9429977279842, 41.9427868415221, 41.9425540193288, 41.9423047931369, 41.9421320437022, 
41.9419558123457, 41.9418539690338, 41.941729839606, 41.9415611777787, 41.9414255871357, 41.9412656626663, 41.9410937460231, 41.9409101034864, 41.9406534618392, 41.9404582680665, 41.9401415858773, 41.9392645433098, 41.9381316696016)
"121","Red Line","79th to 69th",2,"RD",6546.79203852,c(-87.6258093508165, -87.6256910843367, -87.6256721731557, -87.6255743208426, -87.6255329015212, -87.6254956688445, -87.62537482016, -87.6253061016092, -87.625250088592, -87.6252048489905, -87.6251909092822, -87.6251783542891, 41.7683678662025, 41.765415672153, 41.7628957473761, 41.7581469827382, 41.7560393366281, 41.7551584871726, 41.7538761894586, 41.7531611998906, 41.7526399577422, 41.751887615363, 41.7512834129806, 41.7504123432617)
"122","Blue Line (O'Hare)","Chicago/Milwaukee to Grand/Milwaukee",1,"BL",2737.49069797,c(-87.6552142782404, -87.654845767809, -87.6538003088542, -87.6528474843536, -87.6519290488166, -87.6504431621001, -87.6494229500001, -87.6485858942074, -87.6475783108862, 41.8960752372848, 41.8958502348881, 41.8952019091702, 41.8945956869968, 41.8939775207758, 41.893024098409, 41.8923690987317, 41.891841183768, 41.8911892941751)
"123","Blue Line (O'Hare)","Western/Milwaukee to Damen/Milwaukee",2,"BL",3572.81354995,c(-87.6873643803577, -87.6852208107211, -87.6838186021012, -87.6820921840868, -87.680993398098, -87.6792775315909, -87.6774366551583, 41.9161574289972, 41.9147668338026, 41.9138620660816, 41.9127351665539, 41.912036628438, 41.9109176116544, 41.9097437925864)
"124","Red Line","63rd-Dan Ryan to Garfield-Dan Ryan",2,"RD",5425.12921324,c(-87.6311691706809, -87.6311447355309, -87.6310991640582, -87.6310037936037, -87.6310311820615, -87.6311220710919, -87.6310600527401, -87.6310449748936, -87.6310004498626, 41.7954182627363, 41.7939016729592, 41.7916724449044, 41.7877218054396, 41.7872154999246, 41.7855822489901, 41.7833598004235, 41.7826998404541, 41.7805343344608)
"125","Red Line","Roosevelt/State to Harrison",1,"RD",2431.45080484,c(-87.6274791157259, -87.6274871582215, -87.6274566461655, -87.6274690497065, -87.6274514138807, -87.6274023828335, 41.8740392437221, 41.873057244043, 41.87189073522, 41.8707633675949, 41.8692146432466, 41.8673676662999)
"126","Blue Line (O'Hare)","Racine to UIC-Halsted",2,"BL",2681.14355187,c(-87.6496422307491, -87.6503982406969, -87.6517951995465, -87.653755451643, -87.6558425411437, -87.6568056694537, -87.6569732113764, -87.6573856256869, -87.6578628762398, -87.6582081254697, -87.658633138675, -87.6589805120338, -87.6593444430207, -87.6594555091091, 41.8755162089866, 41.8754771082335, 41.8754655545578, 41.8755987550179, 41.875779254924, 41.8758349511803, 41.8758468474783, 41.8758761301372, 41.8759003429162, 41.8758964785285, 41.8758953398036, 41.8758828467949, 41.8758808308496, 41.8758856350009
)
"127","Blue Line (O'Hare)","Clinton-Congress to LaSalle",1,"BL",2522.93296307,c(-87.6317220762178, -87.6336255695057, -87.6372987719224, -87.6409842163243, 41.8755676261407, 41.8755686227132, 41.8756039630144, 41.8755389048823)
"128","Red, Purple Line","Addison-North Main to Clark Junction",2,"RD",1918.71663868,c(-87.6536259305965, -87.6536197554352, -87.6535348362059, -87.6535148652133, -87.6534746968186, -87.6534227520308, -87.6534183734117, -87.6534024089831, -87.653387996604, -87.6533625670252, -87.6533775402497, -87.6533974565746, -87.6534244832369, -87.653453918199, 41.9474279961326, 41.9468919379286, 41.9453896872812, 41.9444770000279, 41.9443482948659, 41.944210657992, 41.9440644453292, 41.9438915826799, 41.9435725406689, 41.9431736973703, 41.9428814089237, 41.9426821782518, 41.9423722453376, 41.9421768136823
)
"129","Brown, Purple (Express), Red","Belmont-North Main to Wellington",2,"RD",1355.33607046,c(-87.6533804888533, -87.6533749178874, -87.6533678848799, -87.6533636118, -87.6533258214272, -87.6533086513558, -87.6532751351873, -87.6532664496777, 41.9397507455413, 41.9393876223047, 41.9389287536121, 41.938650277301, 41.9376321833074, 41.9371695756786, 41.9362666249961, 41.9360326033312)
"130","Brown, Purple (Express), Red","Fullerton to Armitage",2,"RD",2491.42069273,c(-87.6528658368472, -87.6528172031349, -87.652759877748, -87.652741143437, -87.6526443067418, 41.9250513671572, 41.9235223172026, 41.9217182018745, 41.9211285644449, 41.9182165672673)
"131","Red, Purple Line","Thorndale to Bryn Mawr",2,"RD",2462.58695854,c(-87.6590758589479, -87.6590144136944, -87.6589833483996, -87.6588735888887, -87.6588402847989, 41.990259493588, 41.9888118681439, 41.9876015490948, 41.9845019656201, 41.9835042244149)
"132","Brown, Purple (Express), Red","Armitage to Subway Portal B",2,"RD",1515.43287057,c(-87.6526443067418, -87.6526398197569, -87.652624884972, -87.6526098126988, -87.65254835209, -87.6525379756043, -87.652525295909, -87.6525129707393, -87.6525004263808, 41.9182165672673, 41.9180817191111, 41.9176325632886, 41.9171793461034, 41.9156257936383, 41.9154018106117, 41.9150944392593, 41.914753719765, 41.9140594713924)
"133","Red Line","Clark/Division to Chicago/State",1,"RD",3370.11292935,c(-87.6314122923978, -87.6290771067287, -87.6289143025948, -87.6288024472269, -87.6287448849075, -87.6286947747245, -87.6286664996916, -87.6286424110955, -87.6286201281617, -87.628347943991, -87.628297348656, -87.628264146463, -87.6281763528947, 41.9039203125379, 41.9039452457225, 41.9039361314849, 41.9039029953225, 41.903870188602, 41.9038184980036, 41.9037561265352, 41.9036423949345, 41.9031633591743, 41.9021203291465, 41.9002616957943, 41.8991364862689, 41.8966712127474)
"134","Red Line","Grand/State to Lake/State",1,"RD",2499.4211868,c(-87.6280212581178, -87.6279953431193, -87.6279893241187, -87.6279349749631, -87.6278308480606, -87.627835185321, -87.6278133815707, 41.89166520124, 41.8907147148564, 41.8896486047592, 41.8878324798537, 41.8859610558289, 41.8857404101796, 41.884808867787)
"135","Purple Line","Davis to Dempster",2,"PR",2284.09680982,c(-87.6835429261519, -87.683579525315, -87.6835804437127, -87.6834619378195, -87.6832616827008, -87.6830179784177, -87.6827666660876, -87.6824198777911, -87.6822211863784, -87.6818553656015, -87.6816019871063, 42.0477100939324, 42.047085012228, 42.0469948877392, 42.0467576210571, 42.0463846962472, 42.045825625899, 42.0452721469369, 42.0444477286651, 42.0439227122948, 42.0427432921507, 42.0416546434366)
"136","Purple Line","Linden to Central-Evanston",2,"PR",3618.72809976,c(-87.6907295181148, -87.69032288089, -87.6898521927609, -87.6895357912391, -87.6892475315915, -87.688910146181, -87.6885246009946, -87.6882094635581, -87.687915156374, -87.6873069124326, -87.6868139421026, -87.6865101703587, -87.6860811125996, -87.6857315788717, -87.68561725638, 42.0731527621745, 42.0723947952962, 42.071615179895, 42.0711184823226, 42.0706645157399, 42.0701251246465, 42.069404520804, 42.0687854254657, 42.0682249846609, 42.0669951279617, 42.0661096935421, 42.0655640615521, 42.064793379543, 
42.0641853990068, 42.0639865427503)
"137","Brown, Green, Orange, Pink, Purple (Exp)","Tower 18 to Clark/Lake",2,"ML",824.344786005,c(-87.630886017391, -87.6320397543256, -87.632845715544, -87.6339131748569, 41.8857369846854, 41.8857366560939, 41.8857301408352, 41.8857245259202)
"138","Purple Line","Foster to Davis",2,"PR",2351.05484677,c(-87.6835603266715, -87.6835422614646, -87.6834957331548, -87.6834899527205, -87.6834876198707, -87.6835297798213, -87.6835425567577, -87.6835429261519, 42.0541602241766, 42.0529658807921, 42.0523403326129, 42.0521656694373, 42.0516530322986, 42.0490000273223, 42.0484874763515, 42.0477100939324)
"139","Brown, Purple","Sedgwick to Chicago/Franklin",2,"BR",5532.30457398,c(-87.6359466568861, -87.6362255983867, -87.636340168547, -87.6364087622822, -87.6364923576336, -87.6365411242645, -87.63654244228, -87.6365649983826, -87.636578125907, -87.6366221057862, -87.6366393205312, -87.6366366258391, -87.6367038233594, -87.6366986880426, -87.6366897313833, -87.6366575013105, -87.6365896598934, -87.6365304609158, -87.6365021780122, -87.6364703853939, -87.6364654686371, -87.6364562297283, -87.6364898084122, -87.6365272723728, -87.6365916426881, -87.6367095767144, -87.6368237199101, 
-87.6368807610088, -87.6369449446723, -87.6369939053295, -87.6370080339991, -87.6370236073915, -87.6370155196795, -87.6371085591795, -87.637132502437, -87.6371816175877, -87.6372267495824, -87.6372492563969, -87.6372622610562, -87.6372685613781, -87.6372960302475, -87.6373625706953, -87.637460137836, -87.6375704361525, -87.6377114836986, -87.6378712283584, -87.6379758599969, -87.6381392017452, -87.6393021650976, 41.8967741719865, 41.8969859910404, 41.8970787964655, 41.8971482948094, 41.8972553039894, 
41.8973764945754, 41.897609654954, 41.898665961788, 41.8989155808155, 41.8997518677794, 41.90007918006, 41.9002871650592, 41.9011942772367, 41.9013122622877, 41.9014273448747, 41.9015566781515, 41.9017721484848, 41.9019013189787, 41.9020220410191, 41.9021110795961, 41.9022089163997, 41.9023499035357, 41.9024508514265, 41.9025489454053, 41.9026529593849, 41.9027918397159, 41.9029249392746, 41.9029943672029, 41.9031156510097, 41.9032195713024, 41.9033376722432, 41.9036774214726, 41.9038112669256, 41.9054337759716, 
41.9060671755522, 41.9075757672509, 41.9087418024403, 41.9095075999416, 41.9097293180774, 41.9098588848975, 41.9099905949835, 41.9101084381196, 41.9102080465744, 41.9102708894434, 41.9103408267661, 41.9103924544858, 41.9104092068639, 41.9104189543635, 41.9104091792061)
"140","Brown, Green, Orange, Pink, Purple (Exp)","Adams/Wabash to Tower 12",2,"ML",1022.95683417,c(-87.626030035655, -87.6260537929474, -87.6260979000443, 41.8767036215576, 41.878306959525, 41.8795102192864)
"141","Brown, Orange, Pink, Purple (Express)","LaSalle/Van Buren to Quincy/Wells",2,"ML",1179.72645048,c(-87.6337399748707, -87.6336864532617, -87.6336931065433, -87.6336452204987, -87.6335851571873, -87.6335280734688, -87.6334486272289, -87.633375451869, -87.6326263814308, -87.6317338345032, 41.8787232832388, 41.8772612539268, 41.8770628026033, 41.8769527547985, 41.8769071277976, 41.8768805755383, 41.8768586524717, 41.8768462958797, 41.8768488738473, 41.8768553350794)
"142","Brown, Orange, Pink, Purple (Express)","Quincy/Wells to Washington/Wells",2,"ML",1447.7861297,c(-87.633853530515, -87.6338449095485, -87.6337825712805, -87.6337399748707, 41.8826950188423, 41.8814395707424, 41.8801409164487, 41.8787232832388)
"143","Blue Line (O'Hare)","Cumberland to Harlem-O'Hare",2,"BL",8013.70563123,c(-87.8380259848223, -87.836786269545, -87.8356123295432, -87.8342184694637, -87.8327553454589, -87.8311585330518, -87.8295914591552, -87.828338591011, -87.826844241728, -87.8252764008616, -87.8240490329606, -87.8230031480013, -87.8217896275418, -87.8207530993134, -87.8194889900971, -87.8186070288856, -87.8177277113871, -87.816848570282, -87.8159402065387, -87.8152796347798, -87.8146986899588, -87.8142036197324, -87.8135517318011, -87.8130347948689, -87.8124807804206, -87.8111228741693, -87.809843348141, 
-87.8088949357654, 41.9842940584919, 41.9843401080914, 41.9843953058257, 41.9844670865993, 41.9845365272052, 41.9845732029234, 41.9845479588466, 41.984505696695, 41.9844347885834, 41.9843129959034, 41.9841628261934, 41.9840364239367, 41.9838885901666, 41.9837484250888, 41.9835750698118, 41.9834416336059, 41.9832596190131, 41.9830563993603, 41.9828331800418, 41.9826579025587, 41.9825358194734, 41.9824554738663, 41.9823491449012, 41.9823077487652, 41.9822822628399, 41.9822898779242, 41.9823139160432, 
41.9823233704479)
"144","Red Line","Garfield-Dan Ryan to 47th-Dan Ryan",2,"RD",5476.51222943,c(-87.6310257970291, -87.6313361127671, -87.6315163334026, -87.63156731598, -87.6315862063199, -87.6316005220413, -87.6316137343329, -87.631680323396, -87.6316957048238, -87.6317405802542, -87.6317716791226, -87.6317914557577, -87.631806725259, -87.6317891045754, -87.6317328944469, -87.6316203017058, -87.6314618646516, -87.6313450546162, -87.6313221003925, -87.6312413101068, -87.6311691706809, 41.8103381327399, 41.8098475617534, 41.8094672588586, 41.8093298165754, 41.8092860236432, 41.8092396196534, 
41.8091889034404, 41.8089921503485, 41.8089535012783, 41.8087003858618, 41.8085295126187, 41.8082988967162, 41.8080458021085, 41.8076823044855, 41.8068986552111, 41.8053475039289, 41.8030531418418, 41.8018895805951, 41.8008372702639, 41.7977537286241, 41.7954182627363)
"145","Blue Line (O'Hare)","Belmont-O'Hare to Logan Square",1,"BL",3515.43274333,c(-87.7123593511554, -87.7123082484942, -87.7122467524239, -87.7121975676776, -87.712168339604, -87.7121422954399, -87.7120608912052, -87.711924130826, -87.7117962320919, -87.711598422818, -87.7103204378567, -87.7085413851674, 41.9381316696016, 41.9367653069758, 41.934575115955, 41.9324215991558, 41.9322338087506, 41.9320757780894, 41.9319380430241, 41.9318206007589, 41.9317375315326, 41.9315939422144, 41.9308301860363, 41.9297280419088)
"146","Red Line","Sox-35th-Dan Ryan to Cermak-Chinatown",2,"RD",8041.45190729,c(-87.6309678269169, -87.6309059403024, -87.6308498845491, -87.6308207358263, -87.6307348844857, -87.6306887500251, -87.6306859837179, -87.630724775311, -87.6308492960276, -87.6310119056673, -87.6310884858555, -87.6311493453504, -87.6311702568419, -87.6312034783688, -87.6312717581675, -87.6312792194248, -87.6312565325828, -87.6311357624802, -87.6310316249241, -87.6309303923782, -87.6308669804548, -87.6308113257375, -87.6307463851666, -87.6306362954731, 41.8532057961897, 41.8529389346205, 41.8526763051772, 
41.8524283808475, 41.8517912003244, 41.851072219631, 41.8496023057644, 41.8489688873549, 41.8483621959943, 41.8474770237178, 41.8471749560878, 41.8468537355652, 41.8466894936235, 41.8464724640361, 41.8458563544312, 41.8454715922714, 41.8445831732952, 41.8428516070787, 41.8418372417129, 41.8403657465051, 41.8395253073929, 41.8372116968136, 41.8349462447954, 41.8311905606135)
"147","Blue Line (O'Hare)","Jackson/Dearborn to LaSalle",1,"BL",1569.02622582,c(-87.6292956642318, -87.6292529607329, -87.6292515532039, -87.6292401837106, -87.6292338599011, -87.6292207834376, -87.6292266780904, -87.6292857796113, -87.6294206528625, -87.6295479998401, -87.6296902774742, -87.6317220762178, 41.8781825174102, 41.8768861394615, 41.876843377246, 41.8764982879085, 41.8763062640386, 41.8759768778534, 41.8758611841618, 41.8757406352075, 41.8756654587936, 41.8756286401445, 41.8756082792357, 41.8755676261407)
"148","Yellow Line","Dempster-Skokie to Oakton-Skokie",2,"YL",4828.48426998,c(-87.7519186251134, -87.7516062259087, -87.7512576602878, -87.7511722756092, -87.7507992050342, -87.7503977644226, -87.7503259459431, -87.7500588553052, -87.7496946127348, -87.7495207183674, -87.7494820615141, -87.7493654558935, -87.7492398191689, -87.749211271852, -87.7490760798371, -87.7486836315725, -87.7486124926571, -87.7481998565169, -87.7479521169015, -87.74782464396, -87.7477206588388, -87.7475826213795, -87.7474264794469, -87.7473202245471, -87.7472055705975, -87.7472001621058, 42.038950692603, 
42.0381123702637, 42.0373565992001, 42.037169902006, 42.0363540916566, 42.0355002288962, 42.0353293653963, 42.0347281351347, 42.033959485728, 42.0334615245483, 42.0333508299847, 42.0329309537781, 42.0325548184791, 42.0324613272309, 42.032018600516, 42.0309118214736, 42.0306521806593, 42.0292628540655, 42.0284577657814, 42.0280769682467, 42.0277663253532, 42.0273295070304, 42.0267879618276, 42.0264836298671, 42.0262065769124, 42.0261918605745)
"149","Green, Pink","Morgan to Clinton-Lake",2,"ML",2791.00303639,c(-87.6417713046124, -87.6427994175676, -87.6439413127362, -87.6450612213707, -87.6463381861396, -87.6473551543189, -87.648506011717, -87.6497212797825, -87.6508798587083, -87.6518737402437, -87.6520187391027, 41.8857034240059, 41.8857024684031, 41.8857068540697, 41.8856943358817, 41.8856788983858, 41.8856638179275, 41.8856456807283, 41.8856221433597, 41.8856040283308, 41.8855810763428, 41.8855786315429)
"150","Green Line","Cermak-McCormick Place to 17th Junction",2,"GR",2057.48050669,c(-87.6264179891487, -87.6264557750421, -87.6264884108308, -87.6264646956538, -87.6264447682143, -87.626406895445, -87.6264023850255, 41.8587587119981, 41.858388809703, 41.8580693147303, 41.8564612087037, 41.8553772005759, 41.8533187759298, 41.853115083948)
"151","Green Line","35-Bronzeville-IIT to Cermak-McCormick Place",2,"GR",7813.44008757,c(-87.6264023850255, -87.6263388020912, -87.6263241179817, -87.6262654835866, -87.6262546448172, -87.6262300646451, -87.626152015698, -87.6261471279218, -87.6261246671471, -87.6261144520462, -87.626001478752, -87.6259820189048, -87.6259272835186, -87.6258814735037, 41.853115083948, 41.8502434564117, 41.8495515841594, 41.8479797499795, 41.8474700941107, 41.8470983252301, 41.8443229650912, 41.8427001523413, 41.8418673433147, 41.8411554315437, 41.8382795854192, 41.8372177990832, 41.8349417140288, 41.8316780223082
)
"152","Green Line","59th Junction to Garfield-South Elevated",2,"GR",2810.02425894,c(-87.6183241078089, -87.6182717350655, -87.6182268588348, -87.618140333985, -87.6181763431041, -87.6181432010427, 41.7951766539797, 41.7932932793351, 41.7915342571801, 41.7893070710541, 41.7889654091287, 41.7874683519996)
"153","Blue Line (O'Hare)","Logan Square to California/Milwaukee",1,"BL",4266.42237144,c(-87.7085413851674, -87.7073498339584, -87.7069219334193, -87.7063904912265, -87.7059390143768, -87.7055512402988, -87.7052980305443, -87.7049973263506, -87.7047044909495, -87.704371682036, -87.7039523615136, -87.7020275949779, -87.699942936629, -87.6982304141066, -87.696889797883, 41.9297280419088, 41.9289952018284, 41.9286916883323, 41.9283310327054, 41.9279588866425, 41.9276049749459, 41.9273710509412, 41.9270951278659, 41.9268311711058, 41.9265729575485, 41.9262670354882, 41.9250595567285, 41.9238212419185, 
41.9227744586898, 41.9219391712089)
