[
  {
    "BlID": "113b68f9-a1cb-4be0-832f-31e8426facb7",
    "TSP": "1677643544936",
    "Fname": "Helen",
    "Lname": "Keller",
    "SSNum": "666-45-6789",
    "DOB": "1880.06.27",
    "WinningHash": "3c0a34fbbcd1841aa239c0827abb40e8b0fd92d77c4826658c70d3504429f8fb",
    "Diag": "Arthritis",
    "Treat": "WarmCloths",
    "Rx": "Aspirin",
    "blockNumber": 0,
    "processID": 0
  },
  {
    "BlID": "405a1786-dc85-44f3-a2d4-a905810b1955",
    "TSP": "1677643545001",
    "Fname": "Abraham",
    "Lname": "Lincoln",
    "SSNum": "444-45-6888",
    "DOB": "1809.02.12",
    "WinningHash": "708bd4d64d81a6ff9d29c8aa2d34a332dd8cf1112c1d706a1dc1ba8d7d6d0598",
    "Diag": "GreviousWound",
    "Treat": "Surgery",
    "Rx": "Whiskey",
    "blockNumber": 0,
    "processID": 0
  },
  {
    "BlID": "0959413d-595e-4a40-9a37-508860e32565",
    "TSP": "1677643545003",
    "Fname": "John",
    "Lname": "Kennedy",
    "SSNum": "333-45-6999",
    "DOB": "1917.05.29",
    "WinningHash": "f01454c9bbc5d4e8fdf5af80015f3d9a7dbccde31a5bbc27007cc8efe730f9a9",
    "Diag": "AddisonsDisease",
    "Treat": "DrugTherapy",
    "Rx": "Steroids",
    "blockNumber": 0,
    "processID": 0
  },
  {
    "BlID": "5f028199-f157-457b-b5b0-3119223683b5",
    "TSP": "1677643545005",
    "Fname": "Joe",
    "Lname": "DiMaggio",
    "SSNum": "111-22-3333",
    "DOB": "1914.11.25",
    "WinningHash": "553a2f91b0b4759c379382f0219a76acd186ec34163c62bbaa891ad94b9c544a",
    "Diag": "SoreKnees",
    "Treat": "RestFromSports",
    "Rx": "Aspirin",
    "blockNumber": 0,
    "processID": 0
  }
]